x1,x2,x3,x4,x5,x6,x7,x8,x9,x10,x11,x12,x13,x14,x15,x16,x17,x18,x19,x20,x21,x22,x23,x24,x25,x26,x27,x28,x29,x30,x31,x32,x33,x34,x35,x36,x37,x38,x39,x40,x41,x42,x43,x44,x45,x46,x47,x48,x49,x50,x51,x52,x53,x54,x55,x56,x57,x58,x59,x60,x61,x62,x63,x64,x65,x66,x67,x68,x69,x70,x71,x72,x73,x74,x75,x76,x77,x78,x79,x80,x81,x82,x83,x84,x85,x86,x87,x88,x89,x90,x91,x92,x93,x94,x95,x96,x97,x98,x99,x100,y
2.9440164194792167,0.22935207600637358,-0.21764937255014916,-0.2588577641915233,1.2410939788748105,0.050197657602415735,0.6621156644809901,1.8211631133222046,-3.244583009562698,1.6274732011556552,-0.714534925845126,1.3127423844499344,-1.6987463879963196,0.478026994626912,3.3518399507785053,1.1631432301182567,2.9913678499891456,3.4243055664196147,0.8530700917487497,-1.262487858435931,0.8352079816923358,-1.0221592659494911,-1.6809688288648827,-1.5713488937848723,-0.35768257459331043,-3.353279975300631,-1.1619603029995724,0.35501543333380586,-0.7315904515108045,-3.074714243365055,0.9550905147023565,1.9436280005879958,-0.13438318982639108,-0.2935829987708236,-1.6789420884281414,2.1503481804776325,1.913961552847143,-0.8716500540928913,-0.6963993125423706,-3.5508761592248974,-1.3505700533780085,-0.34415458273598254,-4.553240608538115,-0.754179501935284,-3.012858681412106,0.6994149608432387,1.5140055040866558,6.769992719500488,0.09973377207592399,8.412898381840623,-1.0018076863831922,-2.741744093973961,1.4799882775472408,1.9889580189160387,2.150402967462783,1.083757056149165,-0.8478423336820663,-0.5100107798582636,-6.260285347575152,-0.31815486526747955,-5.219022825235605,0.12115397006670064,-1.369984136619897,0.5733750519721913,-1.5447214775735958,1.0995303944824661,2.8261170700943437,1.591543558232923,-1.5241324334228397,-1.4643249052819147,-4.075463335743944,-5.531234996894737,0.4989101709073379,-3.724766678530131,0.9113209791079574,-0.8393738522719848,0.37410958645281367,-0.52476464663887,0.6803165534623125,1.646121426948236,-3.6171330534994217,6.3759566269527514,2.8767294115820183,-2.0578122370586285,-1.0304610281154578,-2.644730569425536,3.2683159396999635,-1.4081355199090504,-3.2392861374829276,-2.1028157748443594,-0.5976932095057734,0.32385931601572193,-0.9469594283488507,3.7087413630066317,0.5622998378466658,1.3469443339468112,2.191097289449465,0.3739627835921618,4.481864246089593,0.28398325273516356,6.895635563071213
2.455545068203704,2.0107420937635117,-0.7356477084476782,-0.486444644009698,-1.2705278703263896,-0.609010016914926,0.6002786815431765,2.436838696317437,-1.784238937522282,-0.7311945097478387,-0.28671736928309405,1.1033893403192643,-0.15712000350963723,1.9019900280122717,3.7400679533584786,1.1116582517793436,2.5504656372492978,1.9109735782239914,1.0845111898346769,-0.062109078703221146,0.476294190490178,-3.2154008979240025,1.1194639250992613,2.034944816612548,3.8686357569608236,-0.2611682871285455,0.09979661342473589,0.8263782273873674,-1.9843372234632357,2.823629014878078,-0.44721135623867353,-1.2172426490089023,2.667189456892269,0.20942435971142215,0.9462920782160598,1.8823020954100376,-0.12384692025179561,-2.6243466730790677,-3.240139764764856,-0.8218238071319715,-3.3696246472486555,0.706209671386543,-4.052944656168868,0.9205839226608341,-0.8057605194265,-0.27575251812522467,-3.2339721469729423,0.12120014407401786,1.3553891308278871,-0.6426528463698477,-0.23353423025332637,-0.4735476798899288,-0.4973541138246409,-1.2697860401440866,0.8089185042118403,0.20862071111020716,-0.8633189615199739,-0.37493722915453925,1.3095856090101934,-0.4676931853322319,0.8459796677954041,1.249363958908354,-0.7103422862359339,-0.0057209062678516415,1.30940400010247,-1.1185403479874534,2.5329944129914175,-0.5079609451505155,-0.3390725570567177,-0.6758098214794136,-1.6123888921801939,0.6158331673742147,-0.522314302571584,-0.14000439136902584,3.129311225095718,2.328103596409787,0.5789509051286048,-2.2564252578969137,-0.2359598080564381,0.0741246485277888,-1.2400935140085891,0.5399013365228027,3.0881404124911787,0.9605474538254193,1.5018917357267991,-0.4782359978432589,-0.09003005228871327,0.8998921091550443,1.3422665136475438,1.5707902743735378,1.1216174684358546,1.2668864695196274,0.7573158946650898,1.703748476017554,0.2940829584670624,-2.628913649433808,1.892045047812433,1.3892560025692942,0.15443753594521548,2.376275377980482,-7.73791535340099
0.12670338590167274,-0.5501457518917656,1.23071069951475,2.1981988727336326,-0.9245427968432256,3.1417587893340464,-2.4248070379717297,-3.425510521056786,2.659440857607501,0.48502504829096743,1.2574549588673594,-0.5568248066761524,-0.6300089344612677,-1.9406274096467568,-1.2303627575369427,0.5831216859064469,1.0912962216051687,-0.6538742108448986,1.069187788006356,-3.209133765790888,-0.3513856313493965,0.8053005928612109,-1.5903373267678338,-2.19340706025015,-2.598186375305506,1.5677293867013864,2.268408638988973,-0.18532000897899126,0.5532495015060483,-4.229601622745991,-0.7503208246118048,0.960174613142047,-1.2979310019520174,2.4025998849649346,-0.18786157480989923,0.6099268120484318,-0.9225636709290119,1.205741806594866,2.449718423193357,1.3801014765026485,4.272210917403214,-2.1718626398648526,0.5364442979169494,-0.01799262138663956,0.9994182330353322,0.7622039608882776,3.09467885738151,-2.8936849804045037,0.763916636912091,-1.4651032238720865,-1.316044459561693,1.5928325079467216,1.0251962220296116,-1.2619105793691674,-0.15873969958708525,0.912101973333315,0.18371225345335823,3.903476402993299,-3.5250975968573157,-0.9124762480691904,-0.545863554045972,-1.4133832002741156,-0.8985803351304732,-2.016924941253355,-1.9548268008179517,-1.4542507821887818,0.7546514375504572,1.4597450042898397,0.24935747958784077,-0.3895742442063367,-0.5608390581390535,-2.548856768312929,0.5395188675569191,-0.5223712959052603,-3.1068458389472156,-4.499802505169284,-0.199431556938707,0.749717375995907,-0.9809776877840597,0.8358800284937193,-0.17718115142528812,-0.4415037123014997,-2.531162862359532,0.5255747039499697,-0.6646102370112503,-0.9589114385147041,-1.4179282804217705,0.31864064438966877,-0.9123608069552052,-1.7342043867828765,1.5032375022374616,1.3796141602992074,0.5891471116465339,0.8091964105476767,1.954177437078135,3.951194048403607,-1.9665262598231399,-1.9492682747533079,1.9565225376824116,-2.4321122752584374,2.3101798050736573
1.977210226779782,2.4019641207303812,0.7412639941519573,-0.09973635800350432,-2.3168335652893703,0.3412402195193699,-1.6912715110524572,0.33284851883369587,0.5733874106091005,-0.2811289658258236,2.386044917219182,-0.9921055020740112,-0.5415713408689569,1.6268668990627277,2.026180752429269,1.3562706957715023,2.3484539481226383,-0.22352857258817355,1.0085116143312927,-1.3573025246924326,0.4548082625598694,-1.9129508037136642,0.08463920289503199,0.9473937039141784,3.47193048636709,0.9248242641363463,3.1694230469354583,0.399948692317762,-1.31047804100528,-0.3869742516654866,-2.417867458055563,-1.6705068672812495,1.3571110495109469,1.675517052159977,1.1485824190199327,2.321315169557401,-1.3015225549791098,-0.5739036403064446,-2.112295987584679,-0.14626321727232836,0.5820149042613625,-2.5497773201599045,-4.2002352020007665,0.07166974752646957,0.4618430339104922,0.989511041777382,-1.673882791124134,-2.404305945646324,2.5422153197803206,-1.7188222325513587,0.9034912176459862,1.7439584764128102,-0.35006794055752855,-3.366106483948478,1.4324639299975783,-1.0246492475831728,-0.590610352732914,1.0995112440264694,-0.5768220194238134,-2.0507539697857293,0.8527991800878763,-0.5955805032429367,-0.16051042840877983,-2.23034911926015,0.5164358992438974,-2.014446571694286,4.320929929037585,1.1896710877081325,-0.8941428463747781,-0.3268549342712571,-1.2547679297839323,-0.09255849495083263,-0.38391495248949475,0.8729307106914437,2.0549172511186136,-0.5676695666107986,-1.3379754786291238,-2.5515206248023787,0.3235094288991909,-0.8530593448535749,-1.7013607540845932,-0.52837451190715,-0.058483664709125575,1.9194069374320641,0.8633937080220845,-0.7492364057357397,-0.5392660688133089,2.332179381450951,1.8289386596034904,1.5174805882722606,2.8653166885773556,1.687669036844455,-0.1626969037709714,0.9642013706494047,2.355015912229972,-0.20598618415445136,-1.720528251283,-0.11325445218247954,-0.19534610162617497,-0.41847485557385117,-8.298221757003168
0.04104354360483661,-0.7217359492316859,-0.7212611160117952,-0.7618863149756643,0.6731092212506639,-0.7244042838105993,1.4437578792020216,1.1797845463200929,-0.08906268845359758,0.8739759446310627,-1.657174181126242,1.5098631248308934,-0.6833868493482151,-1.180792891699493,-0.8657256556668947,-1.4970039213887212,-0.3271237181691019,0.19979548988230633,-0.8421455627873541,1.633439324420241,0.827490256074795,-0.05195741511274013,0.4751003683514378,1.5233493033162313,-1.5362901761602274,-1.9005858860207647,-3.2824777061904453,-0.033120799547744155,-0.26294922421541733,1.807990028272453,1.73458136992181,0.17091330073924424,-0.6156969109601094,-0.9252818982756768,-0.9091055042867493,0.03974030597680475,1.823391053220877,-1.1645119724554005,-0.36898878108270905,-0.34800743567373793,-2.534403616644879,1.589415517260168,-0.1401842988663542,-0.5608705317495577,-1.50234167980501,-1.1277316802515007,-1.4567696948406763,3.3822388252735016,-1.4560114428625839,3.482717691881204,-0.8365911413991269,-1.3578539461382468,-0.15832933319077525,3.6476356237733674,-0.8826813788543919,1.2101954177535577,0.3751043275352584,-0.9741173518803039,-0.016950424779790474,0.5788192896728555,-1.5283617339788342,1.8528117634837322,-0.260752942794363,1.709278392556564,-0.6196335521453561,0.862860170495612,-1.0923429560801903,0.7012032679178737,0.8928695836470748,0.1138565508040742,-0.6481353562508658,-1.4191710791410506,-0.581783230156595,-2.12858797844485,0.3625947085222551,1.6303855814110415,1.0352333307070625,3.070708882405497,-0.11382326094887243,1.7059109975228641,-0.24504858706913463,1.4941946793171244,1.1989013258928178,-0.7947188010326294,0.16105481490797538,-0.695596970519454,-0.1998127593220103,-2.318131990774792,0.5595045559151889,0.12655937339254655,-1.7256785866924682,-0.8625969477593802,0.07523716149310142,0.0690427258405896,-1.3567098150380552,0.3510815261216217,2.3489853330238635,1.0857815238846569,1.1945664900961865,1.7518825894785999,4.248838225870497
0.3740351971336062,0.28004744017652716,0.03103715531981186,1.0524743952604254,-1.5027557428754528,0.5443126387445403,-0.6234837437471363,-1.0855773310211017,1.9529065852832002,0.10812660911695234,-0.07725148927911463,0.3230132978699207,-0.4909161118614,-1.166287764639833,-0.7099105113758771,-0.49704905472654415,0.712685522452113,-0.8826891307109368,0.20937578020365788,-0.24981289405027637,-0.024994813291905726,-0.17963613637422154,0.673288391552796,1.0028122065507676,-0.7992552860408655,1.0737629951855936,0.2761399057486705,0.21961686237246664,-0.5439077889215616,0.7078521002959945,-0.19594146670483434,-0.8207645146001684,-0.12624089784820353,1.8577014520521178,0.3966145164938056,0.8317821562968857,-0.0674915104098944,-0.5309186910022473,0.5993718964083383,1.3618564012611962,0.2643379841147935,-0.5718967414537006,-0.06994269478234846,0.03148972062718117,0.08889686797116067,-0.6235696521101419,-1.1144950540783432,-2.7665910573417656,0.39263407334499095,-2.2708271475104063,-0.8473261259186677,1.4238410051567523,-0.3013827354229477,0.26301063192326357,-0.9337191414732001,0.9336650442879834,-0.01249305516147379,1.9424370629737726,0.5212272207321273,-0.8574230982796397,1.1892508830385446,0.838349496228436,-0.2301732735452645,-0.3353655910325807,-0.39470428753974446,-1.4225892462760577,0.5674140533499611,1.0451634787974586,1.2806924247130402,0.14754843136701415,-0.0020496829420926233,-0.3563492966120322,-0.5222711930480616,-0.7062086944816495,-0.6628958603238458,-0.7065377672781026,0.6109924247214953,1.91556948235644,-0.4105096190383777,0.6050811573170471,0.33426199811636426,-1.5728596504027847,-0.5950110471166363,1.4461573885008001,0.3451050128204944,-0.3347226891255967,-2.5583023204448825,-0.0652706512010974,1.8405339335527713,0.6202419524380225,1.3979129233165022,1.0961367206871941,0.9430120902872876,-0.17889536024387426,0.6807869568554468,1.3525587017486331,-0.19495920761523303,-0.05052189180320253,0.3035171634261087,0.4190682963875268,-1.7512356536033458
-3.755286744052577,-2.6275352787795314,0.872628962312135,-0.6633948423029937,3.5934661668648005,0.18449538599394535,0.13458329715873504,-1.8266801792980274,-0.825055144438865,0.2734067029452809,-0.27598605901493034,-2.1415233134748095,1.4781981200042098,-0.6600783539658577,-2.7489586583810826,-0.6506324661162077,-3.6016559088535636,-0.49012433712853387,-0.8668570280322188,-0.5925731390699909,-1.633433829870845,4.216149195331209,-2.1720428514067516,-3.7731925803420894,-3.2534255171334165,-0.1521914593055174,0.17192385845457547,-0.8661976984231438,3.3702128215054157,-4.12513420591382,0.368442760653112,2.5199156120527815,-2.9333494588050013,-2.608541444500085,-1.3347031017318693,-3.4503074253834765,-0.7749825163174163,3.525453092366961,3.4916457416054296,-0.5858059113470613,3.6797440864704565,0.5021633348774551,5.680168158503365,-0.951954034417593,1.1284207077198842,0.5772624727345266,6.195222045504233,1.799070545321777,-2.246442438053083,1.835160810556164,1.0161207812660795,-0.9402109616494181,0.7164507687421917,-0.1686643841056479,0.609145162902208,-1.9119127209049112,1.452995768623889,-1.6148418374065203,-1.1850578107655145,1.802643333146757,-1.0753132369327192,-3.6274317488159773,1.1728373895463358,0.5602347465602925,-0.47969135146939,3.0674410840115014,-4.700407636780733,-1.8746466343438295,-1.6974807210003202,0.7067580884057391,2.65956968437749,0.8551033214370709,1.4577908134755289,1.9964488813064245,-3.69409855640682,-2.455396500181285,-1.18433168541606,-0.8350797969769828,0.8170920262498362,-1.376251252323683,2.005304969757086,0.6124709016039593,-3.279251540849116,-2.903210132128798,-2.622211807426561,1.8019316510629317,3.4231636598619017,-0.6943230739352657,-4.95502640995246,-2.8930158503583976,-2.915911159629222,-2.8085495273541703,-2.010523295888144,-2.3213157975816845,-1.6887808481313853,0.4600181736379724,-2.4940261188159476,-1.8165255987905875,-1.5272980179740503,-3.661088096805849,12.122321725453142
-2.808604469570785,-1.5449457688272732,0.5992443562392928,-0.7426580619333716,1.7925088484316851,-0.1267179134479247,-0.046293956170881466,-1.027945664260153,-0.41562985807544545,-0.35573951083525135,0.055856292019068304,-1.7370515046290376,1.5707417802674435,0.6249526346827639,-1.514353656416444,0.13981131681859982,-2.778221345317912,-0.8195383824516163,-0.5445880750357319,0.1558833757102574,-1.1906177041317907,2.1750442891360082,-0.7647822971774897,-2.1490843830329003,-0.9463164665992799,0.4674251274934824,0.9843931474673385,-0.8945048977379646,1.9970778663069397,-1.8786399382113466,0.02447324506938986,0.9537861299594068,-1.0916255391079508,-2.1665677880868515,-0.0759405300594563,-2.5430834206788293,-1.1686729305899168,2.580196735671925,1.6166656686014078,0.003636852676985422,2.480898620288009,0.4809871699459987,4.37007456644867,-0.3398683662369937,1.2163962673816828,0.5011121808332009,3.4431636293161847,0.05456479101373427,-0.9756987573249539,-0.8902234383743,1.4237500910758785,-0.4235271663607557,0.3098382322546781,-0.7987333976891609,0.5605036786431091,-1.789723159602143,0.738102977148776,-1.6322763590595954,0.7760985945010815,1.023589981388318,0.24803568518908214,-2.2436436108885958,1.2003535256490419,0.1648584534862932,0.49612603287364915,1.7530161556891517,-3.010861009022998,-1.8167559285731418,-1.1376357777260497,0.6649809752403469,2.408581647076843,2.115782440452115,0.5406794439797062,2.3652210110189205,-1.5823578168627268,-1.1414300133391333,-1.0150912779243457,-1.6231292461865139,0.1487956283966586,-1.9113541362679962,1.9234283539093646,-0.6874372964370826,-2.467654883207147,-1.439206180173753,-1.1682696017083138,2.0115351193242645,2.1236173373639198,0.3856475793892949,-2.6350063182384726,-0.9136434759659533,-1.662112499009625,-1.827274499629409,-1.358709513508185,-2.1386834719395074,-1.2008287584958695,-0.8344083961963021,-2.05934557333105,-1.1899288887533592,-2.540840132964175,-2.3949964083679016,5.7975884268493285
-0.2304251955572741,-0.43574870114930364,0.5327554750044905,0.9471848920534718,0.24424509089873808,1.7174117422079087,-0.8544227077801655,-1.8131121352626665,-0.25334211881661645,-0.4137426968085006,0.7706182759422229,-1.2194289434923613,0.6704545500984935,0.2796852336037584,0.5526658949659259,1.3583719721294425,0.5079569172994259,0.32097419351489825,1.1422891782456797,-2.2399032158525225,-0.5739140864408336,0.5453278887693218,-1.319197946303456,-2.2469271915249327,-0.22329315345695627,1.3138799094374394,2.2089926583786017,-0.055367753738527314,0.8513873951595247,-2.9018948265397393,-0.749859794793097,1.4276959741694228,-0.22639617275480384,0.6691032927145589,-0.16003989937224858,-0.18966300511970854,-1.4691082100870907,1.586618057716955,1.4395637996556068,0.1406801030026437,2.7001023698819178,-0.8454306445603645,1.2424643963023663,0.38584915501213257,0.7792820084289818,0.7142603802934213,2.8232681121144845,-1.479799378871629,0.4801733298524543,-1.4762899335097277,-0.23256478743857267,0.5273846968719962,0.7050200709813834,-2.491986292750692,0.8478961656802103,-0.18234148860718316,0.028105648537669364,1.476518436739308,-1.783845964183602,-0.07589076582102748,0.01338686076496412,-2.1830727602021103,-0.05513625078191417,-1.0577992400201448,-0.24971029829239608,-0.10974868030185683,0.47172812684466414,-0.7692437470082694,-1.0248605771043782,-0.07192213772180638,-0.030386914599887113,-0.5005189965410453,0.6962785417057046,1.0712487976118272,-1.3838737543837014,-2.5334282663140306,-0.46169017046281985,-1.9580505650098086,-0.2381440469326811,-0.7194769006954943,0.4079933272399165,-0.04610360110399566,-1.6892532960270574,-0.42331185320671416,-0.9392268734467255,0.5420314227937283,0.8465818644698518,0.8983570239077499,-1.7807819821019566,-1.1987948484495845,0.734727838838818,0.42629201493337987,-0.11344987297501734,0.5540080517754743,0.6502676849661392,0.43075548297689725,-1.6329053948272143,-1.1944076605974623,-0.043622511988884484,-2.000827054345718,0.5465206118581181
0.7384648309150843,0.04684474141831863,0.30244566085620406,2.0453567390331195,-0.8868490366598969,2.4980412054092502,-1.1125806151663218,-2.0019878389253987,1.2910640533751898,-0.2802452139239042,0.21290655492580984,0.4715433003148466,-0.1736022256315918,-0.9671658537663002,0.24954327557182485,0.8110822588697044,1.8243919951777665,0.04147644959555384,1.2333937845671863,-2.5540868130588503,0.010345226450228156,-0.39636882639305654,-0.5269864755437641,-1.0494302032823601,-1.3741579581149832,1.452201488657441,0.6458489286329949,0.32401990155019883,0.2621957849238147,-1.6288953421599088,-0.21408639350836975,0.36137685917738993,-0.08172187197355338,2.6423374566308766,-0.24127849820931102,0.9824459572061968,-0.8159266545029558,0.16118322416468175,1.2474726350821204,0.8943338037643961,1.8251473291859814,-0.7654128012336148,-0.4867754476677424,0.785108340518088,0.26468386194287324,-0.04211735639053461,0.9236294188741815,-2.741041858027821,0.6373561772720918,-2.100714576638836,-1.8238140255781736,0.9843392891671603,0.8718700761590527,-1.1774372526945336,-0.28778252847845853,1.3817799222700806,-0.21163820205736797,3.1738229637912347,-1.7824821038800795,-0.31164993086408244,0.0648935599561819,-0.23387078584225862,-1.0866584120243346,-0.9069006684169152,-0.9273164106978024,-1.4948474187100769,0.9470024568016547,0.6018084297456457,0.4881807851006359,-0.2723747594816819,-0.8433629303274378,-1.9232454088746656,0.2915597459613348,-0.3208398850311305,-1.5697590160049635,-2.8296728050915863,0.5053220910437304,0.7137979634648679,-1.1972292103245432,0.6726301349295183,-0.12292402236333336,-0.7249145597521083,-0.4599274869261608,0.9235373611933296,0.17748519072945582,-0.3404636711111953,-1.4637600833520599,0.43709603166244615,0.03245461518551586,-1.1323008045739984,1.5615820564384977,1.9945792394789532,1.6315933755456427,1.4959151558152561,1.194539536956435,2.338340661260139,0.319186044279371,-0.7586345798359445,1.290184158240074,-0.16992524896434602,-1.0061357716735957
0.2753664785527756,0.7129864481457737,-0.19283371190404913,0.005450187159570116,0.6872367860146346,1.1420752885497167,-0.09816620226413153,0.05002714248220269,-2.446367497252061,-1.5379700868367565,0.4976897400785776,-1.6593193893406746,1.814636873575298,2.294148742872191,3.253635402387355,2.986467375555111,1.1604895577925347,2.0383024938591006,2.215408560179546,-2.76750607364173,-0.8952103459517616,-1.0115447736060852,-0.6404810008784527,-2.1614681928334534,2.5535521299365063,1.6450684519119871,1.8367672628452678,0.6978737611708998,0.05136306004415285,-1.6943482529057643,-1.2032677377696874,0.8183293847591888,1.954027789385144,-0.26420683940009615,0.5722203468345427,0.08923365701692773,-1.8749249915041257,1.0149110412961737,-0.15415106725494918,-1.1421150780166522,1.147470218189643,0.3347225634149337,-0.661369223107175,0.9773478468915927,0.9570210647799886,0.7350590217216564,1.930715593107673,-1.5252131636896686,1.409966840776118,-2.143981531155132,0.20071832667136075,-0.4869918626610378,0.6864799696106529,-4.220691152173772,1.5783182802900302,-1.343408901951417,-0.7688108279251921,0.5355185390426817,-0.5870979536210654,0.7179934184252486,1.1056475871284233,-2.532458638906152,-0.33026725913824817,-0.9306018056009878,1.433980065699958,0.018047124721046914,0.788064050200403,-2.1947912065837323,-1.9980508463789464,0.07647219054436655,-0.3316857749493811,1.1582145448804584,0.8808838678910733,3.1109999354136946,0.41934493751457697,-1.4196047927625162,-0.626844782743854,-5.332049159946758,-0.35133629966424634,-1.8632770438633044,-0.17783053297422705,0.3943835471128771,0.1665232994205326,-0.6188960751160874,-0.16305529033256966,1.3075745860789347,1.9943622717575833,2.3279911325366025,-2.836089062636299,-0.7436024592497685,0.31370106005926346,0.750546538730053,-0.12499051379888333,1.3864029124084,-0.07591623742198755,-2.4592259177590474,-0.9450848548594476,-0.31365699344790055,-1.2246546731931862,-0.8530052097658531,-3.6574195671819933
-1.981937500027278,-1.2815555056033758,-0.8682007796390936,-0.3853770542179238,-0.4564855301121437,-2.2676914506802723,1.6760081562962992,0.36908143071900223,2.0399381284363307,0.20391132601269796,-2.0743880168652504,2.414136771499435,-0.5008323342755915,-2.680061831792755,-3.922136588713652,-3.243035168271644,-2.906873245548012,-2.671437950262119,-2.423032177631973,3.961706214268828,0.19091319199879114,0.9972824252489897,2.601933115623721,3.3271622916193286,-2.613771314239549,-0.16996985673613446,-3.7443928043100185,-0.5444500554599976,0.03170026150530109,5.8873661138508195,1.534617641775977,-1.5230224278014195,-1.0536022103465803,-0.5825234646835978,0.029662495379695862,-1.6195757811873632,1.8241598676435484,-1.1599777509630977,0.5966575902202321,2.4689394448935262,-2.943877601938705,2.3138395449521503,3.006328535422629,-0.05116027903736867,-0.1809232017536002,-1.5612284422147504,-3.792181882849652,-0.4127642276541636,-2.0151930020231696,-1.2402102647636366,-0.4539984019658225,0.45822357268440905,-1.4744836089697235,4.609703016338272,-3.4092052338049648,1.123665276116584,1.0403044304380504,-1.67728014791261,4.945083907412711,0.5997641638389029,1.759296071848649,3.270992070652715,0.5984979420478429,2.362945634950554,0.18915320127777416,0.2718928346168134,-3.677971339221619,0.4238801351255287,3.3651313808250816,0.7965447386823179,2.0193894917432758,1.9973516555077435,-1.079587867750192,-1.2782812621401412,-0.547408834715617,3.290511856274695,1.4500477668254852,5.925977905352028,-0.2715965653619471,1.4268718505700368,2.6643523827708595,-3.3843334409614143,0.06867581117949957,0.8561897680761571,0.8132429299874756,0.4481711496075332,-3.493568500157489,-2.334785189858576,4.273997589138912,1.7276176927154885,-1.6380770832148537,-1.4407004892463158,0.9106365816712941,-2.9422080758789333,-2.012675229961793,0.5185985024360495,2.1009865910165613,1.0898118570270425,-1.3749996997334777,2.7774409828792264,2.554225666514723
1.0867754544324562,1.7222282902548023,0.20293540304286656,-0.7625205503159818,-2.8808786979106906,-2.416540010111519,-0.6661117359308663,1.422960399072518,3.159407342666614,0.7145889331640023,1.8032755305964627,0.8232082032620365,-1.468426709207882,0.2593619310027869,-1.2513892641833964,-2.0996940329874394,-0.4175273116847155,-2.229150241006279,-1.531693686824492,2.754287665000078,1.171739233593735,-0.8907568884597596,1.8030772457060669,4.001957778612345,2.3810583428275685,-0.42197813108747007,1.196149792123252,-0.45833102232792877,-1.5489584418202416,3.734658290419148,-1.2178511934682903,-3.6162648830365693,0.21868540075006615,1.0597788757658708,1.1870544025944643,1.6559062153080246,1.0202398807423263,-2.2793060991157663,-2.796059467073578,1.586240769307306,-1.4443735774060231,-2.208999824706692,-3.025910835539707,-0.8063074380071731,0.30329838339004966,-0.2559248281495926,-5.612152216657118,-1.5707212984032641,1.1215989890822153,-0.7678749651874786,1.5279807894326858,2.2665620688534585,-2.1431273394290296,0.3077809115076732,-0.5029832949606936,-0.6820909564187846,-0.14319809611358317,-0.4373591543684179,3.2953463959585934,-2.1365555736332666,1.1548418786212156,2.48321394657546,0.9756214032031578,-0.8696091926820282,0.6313994438196361,-1.6793141450223312,3.046087721592463,2.6004776325373724,0.8595672329406907,0.33363468553498155,0.3537585897303488,1.5585183012248167,-1.445088172514922,-0.8640199527465223,2.865868718026972,2.8175017863313774,-1.1301535156639397,2.0619516528387862,1.2163509883359278,0.4275787228640876,-0.5689248074038811,-2.0043369677408127,-0.05122832995179121,2.7240052315324395,1.838315429282472,-1.2439001904565103,-2.9686848335237803,0.7729822278608743,6.248390545525863,3.581413552132245,1.9070143918952565,1.0467398672925443,-0.14487846885117375,-1.4435360556541579,1.5302476284041577,-0.057235066544417276,-0.5169518755872037,0.5205407509671078,-0.9310034350805962,1.3593278993596134,-5.5589833549076
0.36213816988860575,0.27326565799983227,0.9362414026374957,-0.049909359016848225,0.5967055235671773,0.59245087553097,-1.5120115261910971,-0.91141895472297,0.17881932899669392,0.8368367882212033,1.529057798825916,-1.2797476597375566,-0.8050738506013833,0.45377103905972477,-0.04312748438166264,0.5450629796232478,0.4739980342672799,0.39564381975793195,0.31204864692500384,-1.387683178179386,-0.13589252256338044,0.9501903927875399,-1.6443354087971154,-2.0851580228046016,-0.5130068591324077,-0.8200592346090494,2.675060632409726,-0.008497126194254023,0.6075958958606471,-4.544534223171443,-0.885643036741651,0.8298112181453039,-1.4400198061955451,0.06960018784800581,-0.4942329539109198,0.5237086149504024,-0.31497185723133125,1.3117243198262132,0.6624722417624919,-1.2631017222319156,3.19771906684419,-2.542969642993888,-1.2876052145181702,-1.0476956067763588,0.38516387717784506,1.366868120687288,3.3842042456430668,1.3855683323453656,0.6980235175066256,3.379861309302634,0.702344594208425,-0.2006377068453409,1.0829781868962474,-1.3640091499709832,1.8405142281422984,-1.0201879350659584,0.2597506136821419,0.4934276426434223,-4.053318611419549,-0.8757024706795052,-2.6327719400981553,-2.2975362659805265,0.0914614613164422,-1.8406280462276905,-1.1389937069517517,0.46440752546352687,1.7284475095892593,1.1040778613101305,-1.9351633475069219,-0.5371209354966998,-0.765473471121086,-1.9462347153661568,0.5046043880837797,-0.2834042621831261,-0.71971961053681,-2.618053211408005,-1.3090050469335321,-1.4364643449734604,0.6618587580198001,-0.3725918925280843,-1.2717033237503774,2.4708520397593494,-1.3134394267306722,-0.9277117680659618,-1.292511541411466,-1.010026364683913,1.8427817097756223,0.5380062628713608,-1.8455586632741854,-1.6206658139398258,0.40097005082300086,-0.16865735656049835,-1.471491695042507,0.48476383457804817,1.9140030469093423,1.8059657452440354,-2.2117466163950588,-1.6016011176596041,1.4385757249258697,-2.932384303716145,5.368473989428782
1.192946380496395,2.006034910329804,0.5912074431736598,-2.4449734167138004,-1.546423665848,-3.825030529466619,-0.907411150477028,2.429555454093096,0.6508902053054741,1.0373429775279055,3.10328097273066,-1.1376147699882146,-1.1023781240073018,2.4775724794500023,0.29491355857302887,-0.9171631302319001,-0.8399140378819887,-1.1353342811378064,-1.4233048445108099,2.549548410582423,0.9055992564910421,-0.7633329462362143,0.39607909939645636,2.8024552140919377,4.193914830684381,-1.9503892852901168,3.0062075199338,-0.5085718748709781,-1.0468119802864964,1.2107812649314496,-2.302155942282358,-3.172418357506346,0.3276078704395746,-1.1986386404715497,1.0556886952662081,0.9413299336049412,0.7065628468269466,-1.1440949462481647,-3.7376934468370933,-0.7439506939458633,-0.8837366809388876,-3.144065497282124,-4.31567009999092,-1.9471109940129412,0.5147704467256361,1.2536663062705604,-3.6080621372145734,1.2173677236783413,1.804156882103433,2.8988318797168966,3.8444978616064778,0.9359956024795502,-2.0218969842350103,-1.1895279218687602,2.1234808463016885,-3.1386626344441506,0.18818572268781786,-2.6855119474122167,1.506138191714285,-2.3643678162505952,-0.9903316087827974,-0.05476850418846366,1.5368916321322197,-1.7035171664323145,0.9393774032048429,-0.0066262132030325965,3.817200326661567,2.194826735699322,-1.6184076646310495,0.11059338789616625,-0.061504383274457564,1.7752097086421703,-1.1141545241662405,0.21757421866687568,4.190703002678561,3.0734252920081295,-2.8298297175148357,-1.5986930605321372,2.58064717865901,-1.76209306909702,-1.2978107286191953,0.6815057089714363,0.15007160217549637,1.1923886288882037,0.9299857238718489,-1.34378605162814,0.944279277769219,1.764249235240225,3.437300732949508,2.9551839092500094,1.6318287829564455,-0.5506945596529901,-2.545128251575535,-1.7128744981879054,2.288418523437068,-1.6694437700983775,-2.209502945690198,-0.08547029908864662,-0.994930551406552,-0.8766350817787997,-5.634299454993258
0.317773807864693,-0.22766752202969884,0.6106955401254324,-0.10672365283151428,0.5416343402026517,0.5964250681235593,-0.257656945569502,-0.8852798315721613,0.021116082376404804,0.8970783001889662,0.5469238567533802,-0.41332511492556945,-0.8685355770664983,-0.3543000842734385,-0.13601514405717646,-0.04596216787468344,0.16699745938492577,0.4858770129020241,0.25565398642771603,-0.78680552960665,-0.0782296351869915,1.0608513092184935,-1.2831796028422562,-1.6639786642815402,-1.3839329262354827,-1.190370999850455,0.9072427673493084,0.15318587062622643,0.36155906968454504,-2.825347712678492,-0.06758609747614508,1.2485997758631655,-1.2731060664587366,-0.20091771229742067,-0.866195430711032,0.16543430317437827,0.5362997617911538,0.8161709196942639,0.927345029191418,-0.9609374186289938,1.7286838893345462,-1.1767187678517226,-0.5739328773820777,-0.6268707783856224,-0.5678217681015325,0.5220114147552578,2.3045194528888993,2.151628191134926,0.005057461074119918,3.570503692393284,0.08229129252114244,-0.2158850061722388,1.0630901036109754,0.4976029386450223,0.8159019750507046,0.15738664208717118,0.21506317992449994,0.3526382209578659,-3.4402011107687365,-0.5147502177551098,-2.6653060880414254,-0.9838000701581879,-0.20740854131404513,-0.06133897125309051,-1.3296844165323758,0.4559400224314395,0.8850971113742733,1.2599910028782242,-1.0187218110021246,-0.38445180934591877,-1.1887553620093616,-2.5709644262536413,0.2502514828665772,-1.4964603330468575,-0.8665848043644181,-2.2161254790747686,-0.7608503442742668,-0.019793784950867713,0.43283800843471426,0.40668469127837176,-1.153075737262736,2.624586926255395,-0.5613564626603915,-0.7928510065658343,-0.923028528218988,-1.0282695066863916,1.5271725998798085,-0.4269933897439349,-1.7904193636382442,-1.4072070438116553,-0.2585163270200346,-0.1864277057907056,-0.9752102859293948,0.5219323384319801,0.7583429295410239,1.551622366414835,-0.678029909388453,-0.9320151983836658,1.5867401174359064,-1.4575293550243982,4.002988326531351
0.4436580290646518,-0.1621087781407374,-0.17227312060033828,-1.264707670069152,2.1343197758140398,-0.4399014678933028,1.3863401578496015,1.7711423099938246,-3.872555184791088,0.0791423245152898,-0.8473626670335966,-0.07865343265473096,0.5916180846036224,1.392347058969932,2.6246065128777336,1.6561887113156393,0.8155414732385001,2.963425242157551,0.4867008671015386,-0.5707140902340109,-0.35984531381067897,-0.3949587752825059,-1.1546975924478313,-1.7547265672557697,1.0710381934157176,-1.4889025479685918,-0.5095077453223549,0.4279679320485893,-0.06854042301851601,-1.573724858905189,0.6323071286858312,1.9163781776810722,0.7497396887937089,-1.9125177054390934,-0.7985566990270444,-0.7532900519316702,-0.06565300159870854,0.42947082139864445,-0.841182219895255,-2.942446636496015,-0.8600392442639302,1.3485885861149511,-1.0229917497604957,-0.07583376740785329,-1.1297672575935753,0.40365798857655033,1.977196419416775,4.5034585150986075,-0.3044991274644577,4.345651008536631,0.02390509160487339,-2.5167496119541175,0.8638429201232546,-0.6282565304785025,1.3804885191830734,-0.8786049864277399,-0.4272653849882105,-1.9389374646243667,-2.0435487224234454,1.2834223849637136,-2.3952769765810236,-1.255370758721575,-0.006243700538346018,0.6996209781528926,0.3803207755938686,1.5315689694487709,0.21863391102808022,-1.4415824464034228,-1.7193740977636711,-0.5919798152755197,-0.859013461894124,-0.9982037096332593,0.7547694663041974,0.04596544730832966,0.9249508028761234,0.34311205906847125,-0.3252758749614013,-2.8607282969229946,0.4373311822753516,-0.3813314620011878,-1.228936962827847,4.002220907221522,1.8681913261805936,-2.1990962677081636,-1.05375295441545,0.020756727849674556,3.7442142613574525,0.2704810086882188,-3.776136419218191,-1.0825454864156105,-1.4319120160867136,-0.8524716848744627,-1.1019209827996028,1.7001983756493595,-0.9506871471151463,-2.0737954091712085,0.7817569309389486,0.8406480264139928,0.7188994577516394,-0.18933209217347982,2.1073105059876562
-0.45508767506250447,-0.40370288994740694,1.0020612707107688,-0.5809945931487457,0.0611554789801009,-0.4607631143163805,-1.2161377627501935,-0.6268232507496062,1.4261773878209334,1.263436619176205,1.7040321853747185,-0.8517480033560549,-0.8440481329940469,-0.39045938694314924,-1.7693302179653376,-1.0667824458091741,-1.2274396957873972,-1.1527570485255476,-0.8188919598353079,0.14536882538929513,-0.06804104021394164,1.914037598373934,-0.7334096773385302,-0.6330814623226433,-1.3713914107526084,-0.7678051244684764,1.354802941779579,-0.7596158845505251,0.7067045240956514,-2.0386524959641794,-0.48543165982168157,0.010422663586454994,-2.1453455606014513,-0.1957362245242672,-0.2881055416159207,-0.3737234416457765,0.4560610214720741,0.9877039283089732,0.5715740751693295,0.122370771413775,2.4019250981433014,-1.9666899086972573,0.28842690137130234,-1.1796491559080604,0.42215119048864813,0.6403030553435242,1.4998450059036745,0.8834683666905682,0.010554907641727881,2.2023988339079685,1.2870738889072582,0.5468480038403272,-0.14062204685956364,0.4448769020038344,0.3965997046597145,-1.016343350048672,0.6732101342239468,-0.22101608231753386,-1.4430884180881232,-0.8056213075371816,-1.1867789054925297,-0.8469498580405125,1.0400637622380484,-0.7921863424403829,-0.8683043184349687,0.5797490981310457,0.29963922699651374,1.3830109807385602,-0.2967417323679507,-0.07644895648790866,0.5287683132895742,-0.6938873326992071,-0.21417198879490323,-0.47628386903295206,-0.5925693314014259,-1.3494641677958137,-1.1435218400530494,0.6571062444594121,0.7570130154291775,0.05652528290932672,-0.27641520282330684,0.453430310599754,-1.8930315230645522,-0.3339795131659218,-0.7555139203009205,-0.6000235910103117,0.3294059604936368,-0.3552596561571137,0.14437563384970675,-0.16096909151106262,0.17614648693687845,-0.7773203466623597,-1.190191691299966,-1.3038884846421954,1.2101414084917812,1.510718627748273,-1.7640679131313575,-1.3098711557098681,0.6829959309158512,-1.9700962549330259,4.042688013208492
1.4135119094182276,0.2706103055071404,-0.22032330596289684,0.11685969261332291,2.0911711541893836,1.4734505552141877,1.0743622106704205,1.023701969982959,-4.687154736173121,-0.6007541290673435,-1.1172956741780604,-0.004932323437341984,0.973537108188429,1.7666484153174649,4.436492988607189,2.9566328056446958,2.4337120096076617,4.028157171698566,2.0553755463617285,-3.179389686862278,-0.34365762399301975,-1.241753219037315,-1.4889955173733282,-2.832641446679405,1.2410065101608205,-0.7907831862902718,-0.41702916584711436,0.9085053260486757,-0.20087031493106178,-2.961180111969168,0.858958638708586,2.723975345212615,1.4070978668653025,-0.9699812866743984,-0.9255919813571053,0.4132474048235302,-0.3810873755032259,0.3887839566270335,-0.16647824580243956,-2.918571156383342,-0.669179871096568,1.85332047117665,-1.892498207457766,0.7540772177417545,-1.4424782172982216,0.5280316188592786,3.0927404865578727,3.68910752697654,0.3709608894541025,3.4038223488898574,-1.1516460957340107,-3.0564107141717303,1.8968218188953492,-1.3847225069779492,1.9156207958222362,0.1864007686911069,-0.6979745844864055,-0.20409336738059697,-4.297273063883267,1.0370592689046305,-2.34692376214193,-1.6414960861498544,-0.9861534260228545,0.5635712863257181,-0.11975369704887695,1.0274440320361802,0.6692899020815107,-1.7440209988386588,-2.29394169685741,-1.1524618967286844,-2.0453863589874035,-2.3784889941310525,1.3454861922514523,0.11138062618032293,0.40151219359391227,-1.4726705592819247,0.5268562635327494,-4.0144341115863575,-0.2297828937675363,-0.2782769205282183,-2.0555560261193917,4.215042186467638,2.4104182069863924,-2.187024521686179,-0.8087520558552562,-0.21520827493916733,3.674602657137438,0.2353959970902107,-5.394358305682378,-2.5529056934235785,-1.0094740313807873,0.016846549366611452,-0.08577415423514029,3.1756154571896817,-0.525171832169843,-1.2797267679728441,1.3674244099395874,0.36387339990440065,1.8819765282278653,0.021853662690086248,-0.10200607262237982
2.3298174197390162,3.020130114764166,-0.07756104915324818,-2.8156989418643166,-0.8281751903708464,-3.8170335598600618,-0.0037661800591750477,4.390209054109751,-1.7765721904475025,0.7156480448335751,2.3160604471538666,-0.8021982626978232,-0.7880921678403217,3.5989738007832774,3.239410783149776,0.38577721049837915,0.5250577910470331,1.2935400427011263,-0.30463818104145396,2.073945275671417,1.2122742513459024,-2.403545193138826,0.19414172663542534,2.1249671757367956,5.796602989154698,-2.8394669544073823,2.265069757941284,0.06028641903842571,-1.9570441477151432,1.1560007405715853,-1.6924880467741956,-1.9168376115307277,1.2263812056754606,-1.5087037356752746,0.7717010376125937,1.8303861052872994,1.1761591219398468,-1.7837958617420142,-5.164969487750766,-2.91122723741034,-2.3866698957745864,-2.3437050711767142,-6.169255353077589,-1.2518969179163213,-0.6797001998888177,1.0633088309314382,-4.072444406784197,3.3840293851931964,2.1636304511712554,4.838907239965963,3.411692425047194,-0.6806120426972507,-1.4360140000023915,-1.2988136985108785,2.7925305082875216,-2.6364135260520647,-0.7941490560169289,-3.1213334483459447,0.001031215582298295,-2.1285339708027817,-1.9276055814285935,0.0665572229159711,1.0927738592557978,-1.061422315211365,1.2707411685917238,0.48234357341391726,4.676710374414233,1.2317692591849443,-2.6177662709464893,-0.706798101222919,-1.5220452955301824,0.5864202129586977,-0.8484232776410296,-0.11190789040440498,5.213756600475715,3.155181223170057,-2.3761062568466387,-3.6603292849041646,2.3108199368255224,-1.6735283346773366,-2.5295417069988355,3.226570825892577,2.2932030632950253,0.3893353255346057,0.8067866343824251,-1.4724607818378543,2.3208923463466147,2.053794653235991,1.7390616036171902,2.423459510251749,1.0745904859382491,-0.31608901565732395,-2.3947104792389244,0.3361220304582743,1.7028697750431205,-3.0967321928805283,-0.6087400671641249,0.8137506187897328,-0.2614464583647982,0.3678910961050762,-4.671084174228039
2.9977349471551573,2.0189699876349283,0.015655934475985872,2.3195199594465237,-1.0349254345214263,3.3632666969367055,-0.743794990822051,-0.7143827896992895,-1.3780264680850418,-1.3400762839658948,-0.2672026663890408,0.5739229582196897,0.10227851272333603,0.48148485432135546,4.606736848979128,3.2241104813436796,4.501789417084962,2.4265768930564167,3.33402111377513,-4.083520926434428,-0.2194672850009233,-3.0323212648857316,-0.4635228356221027,-0.9492242512906137,2.0809670831057936,1.9183752050528886,1.2583721566318797,1.0446230248136605,-1.5626331661171298,-1.3780460337113778,-0.7085927909679041,0.7687702360354381,2.4356057886913947,2.989769332857478,0.45654521192146225,2.7526186550905947,-1.7395164901935372,-0.887288246006315,-0.5647005499886318,-0.6794723610649785,-0.08213443575380366,0.12990255587187777,-3.0693003446141374,1.7708927349384496,-0.587065930835668,0.11639622620152046,0.1979551204853474,-2.891793254755668,2.098003693198334,-3.184334180276659,-2.4175488461850265,0.20177694432583082,1.3066980311241836,-3.210012968560799,0.6002734442852375,1.5137018971852203,-1.624845318063143,3.650517569884938,-2.8968292590899494,-0.4508823737124909,0.7099316065883602,-0.5001073790784365,-2.0159642090767322,-1.4111443228126492,-0.16189066007010194,-2.7852405727496556,3.1545249689536803,-0.3042874298693601,0.041992648851288866,-0.7134513952774937,-2.7234977626228876,-2.3505599958658876,0.13995140413705295,0.1732098806545987,0.26021840484559405,-1.9866087374217778,1.0617227652777892,-2.89777340897453,-1.806934246511376,0.5455836884837305,-1.6245009575154146,0.41237157540030955,2.136199665866024,1.0002246522404439,0.7852151941430688,-0.32770455388379477,-0.7955298518882226,1.3592113344273888,-1.3306794416963124,-0.8343833603185519,2.4686531621539114,3.023769606449311,2.262269874562089,4.013408032408903,1.4822829028933322,0.3712527839628378,1.1190906441603903,0.20248508055839562,1.538962275976595,1.2551193057709549,-8.70003724854357
3.1174183584871877,1.8520433182365212,-0.1202284416391025,-1.030407120120657,0.2999060737268551,-0.7323881140199847,0.2117326809206716,2.6980387986847907,-3.0289617398195583,1.0354845901102356,0.5632209021283308,-0.4343220215737257,-1.037624126457075,2.2325225812570872,4.045488496084428,1.6389943884178981,2.7978068082420435,3.263923126511597,1.1438592071415232,-1.1243332528864727,0.7420141223162838,-1.8227552030742664,-1.1938038433769198,-0.9278256554176266,3.0785529598292003,-2.7462874178467764,1.180923172762061,0.6109184156452493,-0.9170914008540757,-2.498915412557392,-0.532617653757586,1.1133954122866911,0.7121666013205737,-0.6238091669521808,-0.8558295648500702,2.1546884212978865,0.7342636662517107,-0.9598632872092311,-2.728960343623412,-3.3719885254640363,-0.7327974233257695,-1.392244529891764,-5.643761659711507,-0.7509873721302417,-1.6700902212690643,0.9672660164668353,0.2564253293482978,5.371661458657876,1.17745006958512,6.672245805130796,0.3792913878583493,-1.9648204441032686,1.2192582394365576,-0.6162683441873539,3.1448728869244276,-0.7523505858005584,-0.9613350430344267,-1.1946997895160696,-4.738956415228323,-0.9178493432637711,-3.990624237326712,-1.0065585528395944,-0.6667597236669439,-0.9982823661890565,-0.27374946612577045,0.93195236820274,4.595710787673885,0.7204259806147905,-2.5039740233150214,-1.1874060469351984,-3.5741888608791967,-3.4665543719658727,0.4307347010524665,-1.459239212436068,2.457414671847296,0.021614707000700478,-1.419086829366882,-3.222202591066178,1.4163485350070053,-0.17232705932644707,-3.8154101590551432,5.911758027822818,2.8163750773392664,-1.1254116682996413,-0.15073019293741455,-1.9482966402461381,3.6876769413962482,0.6844373591591303,-2.3522296453317417,-0.6751831577864643,0.3583572953549902,0.1680609203209829,-1.4667180604775472,3.0261864558251252,1.786795351303108,-0.7856982352876388,0.7152071794352794,0.42016264909725154,2.6596725998743524,-0.020778417028852122,-2.8003684114547376
-2.0053537363998943,-0.7378695468724625,-0.37864585779101473,-0.7716974723363846,1.9736653736785852,-0.049172362016232485,1.372856376886619,0.531362754770655,-2.2099055128945295,-1.7356218233246004,-1.5431410211332526,-0.8651025545216111,2.0984201601219996,1.0741084986704026,0.2975111421555487,0.7578481605119809,-1.5671712346103106,0.7457417011340883,0.04955443982372994,0.31337969371343005,-1.250072314954517,0.3253494979371416,0.3470870650429466,-1.261826969739857,0.4673883594265946,1.3403202374653427,-1.182737148259828,-0.07191769012908864,0.6370008615064773,1.2927040070774787,0.9554150783950506,0.9358504159267697,1.1868119605275367,-2.000611078016277,0.3929801027432538,-2.368228841145107,-0.9479326901759777,0.8677208929645444,0.8455090292770935,-0.35822510717141465,-0.9216117308294167,2.9824126070141395,3.456146593151478,0.9921042821083697,0.5930584831130989,-0.5056802282674879,1.3072457345699156,-0.06667404863873366,-1.2485429240116153,-2.2232829718446805,-0.1369175109852257,-1.4444659706872307,0.1464262236113708,-1.1375173611332967,-0.15231727566011782,-0.7858891067571143,-0.035685954960729134,-1.5977536769992644,2.844525612954753,2.0136638958263995,1.9454011453605755,-0.9100150112242567,0.24471323558699432,1.4596257485816184,1.7013219894897051,1.5603560537121597,-3.513266044058849,-3.3598027970485345,-0.17704527230710176,0.7301554500432605,2.052426489909671,3.1807045080786036,0.7003841846535863,2.5793649796846974,-0.5307233155857248,0.797758704099816,0.5831239363092017,-1.933273668847097,-0.45293296880447975,-1.5794761760130118,2.155673592382887,-0.9466690046022441,0.3384834601123908,-1.2380410616017599,-0.38545630610741266,2.831618936317283,1.2456973208402733,0.30892892093312374,-2.408686339389789,-0.5093547896898084,-2.0110011853987433,-1.182157136267026,0.38968795287266117,-0.9489022475254271,-2.6060056768712236,-2.5889688729079934,0.5483272538768397,0.5667986088161553,-2.8363872583944714,0.4609248013443532,-0.16340376959074931
2.8087856083568883,2.0444310606180767,0.42357826885882044,1.2581965422520132,-2.4177958313712637,1.3090806261906023,-2.2161746425005706,-0.4885692788560251,1.8616377374348838,0.9116390004930742,2.172101903925594,-0.0030347689412698192,-1.9036263844792407,-0.1979398159163815,1.0596893644446752,0.6677209950719948,2.976211763070704,-0.15743236494637125,1.0674451235109825,-1.761284654996003,0.9694572324244991,-1.3541786563861085,-0.7799106615857042,0.5940092033148809,0.8121545084844631,0.15973700770440913,2.5663191530379783,0.0007650458527619086,-1.0376050959182563,-1.9448427218082351,-1.3740448206455185,-0.6920791422343592,-0.055718931653257156,2.7684124564882713,0.09097290140017761,2.6705791523171056,-0.020540939831340647,-0.6649519471700197,-0.9910930376737074,-0.1731093378055421,1.2337579017869402,-3.0174353708919583,-4.421669109226557,-0.5091479212831835,-0.28665007190225156,0.5724714556901572,-0.5468910229244737,-1.3625247652441534,2.321155191612707,0.6787245609172943,0.04116496127210767,1.5773915170209754,0.38785541728473505,-1.097283876637577,1.04157806257685,0.7234531816104558,-0.5057273654779174,2.961728338365054,-3.4504410170177526,-2.4030321956503036,-1.2455662621396908,0.28113431280739765,-0.8749889796464788,-2.305417299520244,-1.246629659322037,-2.347410459179754,4.765519102065311,2.615161026405246,-0.5189883951160155,-0.6728891167511161,-2.3532284056902806,-2.8396979588696523,-0.34899323537795773,-1.902166043868876,0.5584121551968732,-1.473074976332456,-0.9416636926047428,0.024367840239680597,0.10876956456759561,0.8822807352639288,-2.502109478496674,1.1115580763815471,-0.1279892991364983,1.5490226308546529,0.479390127091496,-2.2393032112254314,-1.3873885263223609,0.9265999396401239,2.1647507027213573,0.5632887738745093,3.1513216902669874,2.345749649684379,0.04364419441343326,1.8022592520046739,3.353459496214958,2.372677348534743,-1.1238624830913382,-0.8550414730531578,2.294391548784531,-0.6161667893753863,-3.719046261089255
1.3456988818249436,1.2620279790730276,0.5827313339787488,0.5396301239348582,-3.3848949821895267,-0.3270671385844014,-2.222135448953799,-0.7629164194405119,4.1614125447657155,1.0167975733074435,2.633168690422991,0.30249297488030347,-2.0128646714193805,-0.8704605508991793,-1.6031247188248514,-1.508417824939507,0.8245987889071736,-2.5182882058930454,-0.5607780766710441,0.770237573136835,1.092214634916974,-0.37101332937681675,0.7652661739296058,2.6691627212701006,0.3942677623116115,0.5058736808630298,2.5087021968319254,-0.31802443259781443,-1.1072886385371334,0.6382780110342959,-1.9275789505133059,-2.6631447131213726,-0.24117290761028676,2.6848247366025917,0.7695076479151084,2.0432053410457915,0.3774200023410611,-0.8407606844071838,-1.2401216986768018,1.8781463744936335,1.0425230259259188,-3.7658676901286374,-3.12398788978325,-0.753824832383895,1.0623147934980235,0.3129032140178321,-3.262814629008043,-3.1741941339857944,1.7150485193438885,-1.2567148173893516,0.8038448293497953,3.0177052391886092,-1.1418466040937132,-0.09960573155541279,-0.40722090768703023,0.10620970026614145,0.220483638594202,1.8366640718801068,0.18933220299782108,-3.108871549883065,0.41563780208447987,1.5210851957962557,0.1436259167172064,-2.1901545482166864,-0.8284994971382988,-2.199516954816891,3.872624727289302,3.452290812247038,1.204772384066078,0.15093876024822328,-0.7237955036718702,-0.8173998056635357,-1.1606730916148198,-1.2671269105990508,1.0838151336464317,-0.4281494897333458,-1.1716590221612169,2.3941906907309387,0.5135990899477735,0.5264459352693813,-0.8358859798357333,-2.2065014813769923,-1.6379031004981224,3.0725421650724347,1.5201890662198623,-2.1162052653077867,-3.4204002681019885,0.6448183455427027,5.423415084656601,2.0193458385283645,3.0297089024300345,2.0729493024880177,0.17998234153790607,-0.41432579598001384,2.777044058573606,2.6040719060538255,-2.0570488769559194,-0.9568986975037334,0.925069300979837,-0.2594321482927769,-4.0126024161847065
0.7937239619305642,0.5755874388363861,-0.40532704716569284,1.5135055020049766,0.997632438873457,2.7856104515306734,0.22902575733646105,-0.5199421257113755,-3.8734596098243608,-2.7003955785242746,-1.4373478890523217,-0.7585710160715641,2.3289269655594143,1.6554052617384423,5.0270893675811505,4.135209616260456,2.8392441570849587,3.530569486783478,3.6094500975042245,-4.535728373667964,-1.1440625603137957,-2.144293473203969,-0.638113403310124,-2.9298499710869006,2.5014972974624867,2.8467895106298315,0.6741438151562298,1.1526048599652927,-0.22819394451441916,-1.437507939246069,-0.3255650714169205,2.502363388465159,3.4068225984062033,0.6180335375929813,0.8291362005214953,0.4974974411022453,-2.95016498546363,0.470726344662622,0.510083478038413,-1.123783691716936,-0.3657009530583868,2.550587658707389,0.27847849832350746,2.719004212315644,0.41186441367864035,-0.22329143236637417,2.330163392175857,-2.297848338579028,1.080875174067052,-4.8488395766980785,-2.1002849550576004,-1.4037014282934506,1.2535805869013015,-4.569416830155038,0.934126576312757,0.49138157045348435,-1.6571522617460532,2.0398784779699395,-0.9399371922656119,1.719298525279316,1.8494867182823158,-1.8022509034756575,-1.696968752013816,0.14849683016077167,0.8852108983007623,-1.1349738916942715,-0.3138986058763431,-3.288694677373559,-0.8658529278280931,-0.10696166927295091,-0.7665266439798557,0.5337928797031843,1.2062135111655545,2.9294542673562214,-0.6125768759274233,-1.4303616603764262,0.9188007737455192,-5.569986144472067,-2.179416618982795,-1.0873858340237086,0.13428642695027287,-0.046467886168530065,1.8517412748729465,-0.37237524412217915,-0.13613873293600087,2.1702077040205516,1.335567378326576,1.8912290613134757,-4.400026817853159,-1.7680081767876594,0.36567897990889037,1.5057108263107926,1.713813072576884,3.057840644227448,-0.873680395455722,-2.844558502151054,1.0438930719910082,0.7559117832648123,-0.7681853708004148,0.8006429862423187,-6.548557402928494
1.5456860291469432,0.4960551228372197,-1.1739868154570483,-1.931309619680719,1.3146435904774785,-1.8462150917114868,1.8972650310465933,3.3179638877593085,-3.293146572755993,0.7887990292416138,-1.1024821812113537,1.7378374160285268,-0.7232879146784621,0.9066087657390473,1.7636556449625513,-0.3908347398267515,0.576186853650049,2.293657415532482,-0.4843324287540148,1.7572522367051964,0.8548709707158617,-1.1124061416939834,-0.05393716574909267,1.0044265508569223,0.9834941975780234,-3.4113268596171546,-2.5100818303692227,0.1558363029285429,-1.1403933447280723,1.1217520256166194,1.4402639353383688,0.7260508443286879,0.4642843310422887,-2.0811437389807836,-0.8529146483698585,0.4467471420811698,2.4650501803564313,-1.5667012952318526,-2.378278332461878,-2.6922532120178824,-3.883237836353521,1.326940235839255,-3.0726563976398906,-0.544215655391937,-2.288111187913187,-0.4594462389943242,-1.345744697431193,6.495956434302917,-0.8408155547088251,6.981484487109575,0.15235108067872,-2.647901901064656,0.1596379727417112,2.7606830470012036,0.9126800451551468,-0.3579284347636315,-0.6230828927400582,-3.1154523659519713,-1.2755271556105077,0.3608752370934171,-2.9503483604155036,1.4438671358228465,0.07644724858066922,1.7618401727034336,0.16598518767732656,1.7571600894573614,0.7289021656504436,-0.06143913284913159,-1.0842861537788664,-1.0260380345158222,-2.0841904936383133,-1.8436494433811208,-0.12250314856867295,-1.9572067126162278,2.369774633506267,2.707126783229703,0.4201282602457315,-0.01584693131082003,1.1136314090637383,0.6557405276046784,-1.984048031978303,4.606124580400212,3.478508519004074,-2.032817705546892,-0.22656721991215173,-1.3978104794944743,2.4124767281306374,-1.2490642960801577,-1.0967862308785798,-0.16397932089929873,-1.7998476721140944,-1.5469313597689012,-1.2145522557679338,1.150835374384303,-0.8624902199823884,-1.8967709771131076,2.952934246809124,1.6252888170912516,1.5267147281610516,1.7204137690017385,2.4078335272985365
-0.628520332797929,0.46526967479940706,1.7166393742877395,1.7191319635078115,-5.372221271504575,-0.7975812732453951,-4.2053279977351545,-3.5298543305243184,10.105360584770741,2.479027964424623,4.542684110528579,-0.008889705817581063,-3.241869311411123,-3.371290689180459,-7.425803977324218,-4.683741704051636,-1.8836474456251855,-7.443238023912958,-2.9606548501365526,2.9744068089755733,1.4729175595292372,2.3538979667138276,1.057931992455077,4.064879897741468,-3.053921340082847,1.097662214591386,3.651790805360776,-1.5022389500368494,-0.19171904610250307,1.1057076074001573,-2.9752856208848937,-5.141382972921526,-3.6404369882261376,4.409037152284632,0.9340690242837061,1.379557552156547,1.3275407091632843,-0.21059701564518704,0.6240850370281317,5.683895061586996,4.498111052853193,-6.5139265773639154,-0.13717550888515573,-2.2917839201311763,2.2479243418846497,0.3508482476589252,-3.8548246816686955,-7.448111009859665,1.545676797648744,-4.238884334571047,2.1058945249413283,6.794991995894611,-2.398970097945139,1.3308518071235789,-2.295058896926716,0.09512111407593699,2.0213288884576426,3.552029983758862,2.329405113991715,-4.426950412947892,1.9538326477968713,2.442567604601588,1.0750844166717632,-3.577675315338413,-1.9312037116348124,-3.315467717934579,2.731481007791484,6.077557483056697,3.153466924759522,0.6645968317605159,1.6140320577990228,0.4456862005966296,-2.207750237261558,-1.8985988712531776,-1.3259899481637138,-1.3981918987122244,-2.196531266488364,7.394903602629668,0.9008410169655283,1.4922987088517332,1.1280252353083353,-6.058282963138927,-5.892017366674942,4.999758545468552,1.6291403838934633,-2.45899069245728,-7.495431224437891,-0.3475123792086733,9.988981044009574,3.5805543977962184,4.513880530112459,1.7789463489960033,-0.1334389058761257,-4.35994709289362,4.427129971071661,6.186173256644754,-4.710055601266832,-2.326414282900388,0.028446044798236897,-2.100208684404384,-0.2669731358396204
0.8530134681524499,1.5895875323084543,0.8742294712503302,-2.266085361032169,1.325146428377589,-1.4561955675071698,-1.4070347561901706,2.2409619170689243,-3.099324217417184,0.3348510053001135,3.0539508639859485,-3.298786817511907,0.3689232329558384,4.533331592499413,3.05243306901058,2.210659496126021,0.2453662758752539,2.0395704742012573,0.4422387553430165,-1.3841158493403134,-0.549640619177531,-0.15848979791549597,-2.1581644535764095,-2.271119968402865,4.6822046593323,-1.5849228406368865,4.862381540348274,-0.13830511969956955,0.19064329994598717,-4.580068079472068,-2.014025537941402,0.49845394034361523,0.2777954913510552,-2.5330628659183487,0.03924549525178109,-0.053192718821599407,-0.896532459466197,1.4441170244712067,-2.564463059494421,-3.655148012480036,2.0158531916623073,-2.227653203905726,-3.1099866197905732,-1.2145775112187747,0.7607619962005557,2.188624425240596,2.6071927793053997,3.761727418617477,1.7603115846362176,4.362495740484064,3.4064955766215386,-0.9720865927832867,0.44746779876392645,-4.571609165878431,4.4303250471641,-4.032231702069304,-0.2761016701856604,-2.2935975196348988,-2.965615323816771,-0.9948133838027388,-3.009193855160659,-4.203091257885373,1.3057746439830573,-2.5124306746326424,0.8643784714358966,1.7323702228145095,3.149325994228108,-0.6138712559826041,-4.891102354965067,-0.3929418927389504,-0.5827192234298346,0.4658033542511844,0.8527906509432449,2.1293235025696573,2.4751102191253715,-0.7884979545418456,-3.5653625924062973,-6.899654454636692,2.097175575378562,-3.3397368362175297,-2.0279150241435944,4.235156911012495,-0.399275060378927,-1.4697458558337455,-1.11526882408754,-0.1494774818102962,5.9398911057862325,2.846312767198003,-3.7037958790368894,-0.027992622630114705,0.48681710671993006,-0.9631232917372975,-3.301171406991617,0.11162266091679054,1.8780167477042462,-2.817640812476604,-3.4112159122000394,-1.4879396216499798,-0.9744897580184075,-3.550232507049513,-1.1411133761820342
0.9964085726530835,0.7699130096468849,0.7903825088767804,-0.363085483633318,-1.2177488793609952,-1.163409664907111,-1.4572486588511964,0.49922478580746066,1.8994938104293866,1.406051514909501,2.4478625889537384,-0.5273698856334906,-1.5490045330889102,0.4348463092995558,-0.5220795269557905,-0.6193562595784948,0.3860233151078265,-1.053707991059041,-0.4552060200136514,0.6335109465923218,1.0631219189272378,0.17637555143639094,0.10791223066034866,0.8348419000924433,0.7306021293021977,-1.2557292686389478,2.460240316504951,-0.11248961500943516,-0.6338685877260553,-1.0945485915673636,-1.200489259638697,-1.3025843666952488,-1.2356233077467793,0.7787069078149231,0.2574624182527101,1.3497381640213975,0.8017200314361582,-0.29739581804698634,-1.4615319373671625,-0.14200872569000578,1.2510394875134156,-3.451640580204478,-3.1536489456322254,-1.485505488387188,0.0886786117696318,0.929159202478001,-0.9783536222708791,0.7454546582898187,1.159185969999291,2.8422218298016597,1.6880024125201183,1.1549961839706304,-0.44728708761261265,-0.4722269939418873,1.0254374321081954,-0.8855891559728462,-0.0021771528641383875,0.12443686614379355,-1.3236554128343085,-2.231612437580949,-1.6248346386092574,0.11008415570332572,0.4856101960301346,-1.6739650898533658,-0.7580433942553815,-0.5087576964833661,3.233362208668112,2.635254586329121,-0.6894259771802964,-0.3129170362980632,-1.0893480823201214,-1.3282606126300953,-0.5294126071163349,-0.9079532658249414,1.3969533339401845,-0.3410161420268813,-1.6482706469888093,0.325597643257554,1.383534321210966,-0.19510397680292307,-1.4205249584421349,0.753931917589021,-0.7895077885702915,0.757859182815834,0.1460212958128968,-1.6233702484480128,-0.11319698781737779,0.4776710405757508,2.0808589776740942,1.0834631345008852,1.4902872512211975,0.093954971976385,-1.5060302444771367,-0.188780615895905,2.4020848022608474,1.465882250122607,-2.0066015917374713,-0.9760968892279817,1.2367236047711916,-1.3491757008949614,-0.4215956774914138
-0.7152044947748548,1.1789560201371814,0.3702081799457363,-3.1030870277391904,1.005333064564146,-3.1824603023543534,-0.13112921679472192,2.895134509652572,-1.9944757567181117,-0.3355990104554957,2.1564557496370154,-2.57081488992593,0.7999481183214042,3.6882508711750392,0.9158354620350687,0.48955059574454557,-1.8730965044070766,0.08697598496708586,-1.1403536300553343,1.953889695381926,-0.4875823333435152,0.08465567138797772,-0.5072757163472126,-0.014163621691581616,3.995623832778291,-1.306752588498352,3.0781773313594867,-0.32058726460525466,0.2294730847637821,-0.6814679228906212,-1.3180004404892174,-1.042053070411495,0.4365015031924407,-2.9817265120042546,0.8320933813150824,-1.1785640413220835,-0.4165108055500882,0.679223802863626,-2.600253647925215,-2.1007755823310337,-0.132724225164839,-1.2044401134066265,-1.0856841269677797,-1.1790093279949208,0.8088738258650366,1.463810179716523,-0.2936408978821129,1.9371718622739753,0.8907565527946174,2.55282219953394,3.750380023913906,-0.7703446292811269,-0.8987054144601222,-2.858742255435615,2.5454413140417933,-4.0193773654045915,0.2812402594980814,-3.847513761551988,1.1421993340222523,-0.26453166739885753,-0.6849614704239613,-2.119706315201985,1.837355686999784,-1.1281986797284027,1.3797998338238358,1.9526289708401756,1.1902135554599438,-0.867495673225528,-3.1399800172021415,0.3564037051395794,0.8213605588341172,2.8979919180115377,-0.05542131249215265,2.7495510686748594,3.07041615207614,1.456163006967155,-3.1752937953538574,-4.421708070486433,2.1975906309640494,-3.2488210823603607,-0.0541977276163213,1.4362344040350992,-0.2171669046327777,-1.133952631245326,-0.2889106732668763,0.582295911487959,3.7808398733177184,2.2258858670692327,-1.0339054220255475,1.4974911421029125,-0.4978706835199718,-1.7319905811251153,-3.1400998061595233,-2.0586096806894765,0.13322379995520842,-3.5467364310142395,-2.6397337419549247,-0.40043903012204857,-2.653957170139259,-2.3128258633087855,-1.2212023225610942
-0.5058627397221408,-2.419584923206411,-0.7168278541270914,1.5943547279639174,3.504223355167112,3.186971378573874,1.8364178602240269,-1.2587771090322333,-3.17464676636775,-0.41054967081954397,-3.2478635443378145,1.1423590279514273,0.9349828884576651,-1.745775885824899,1.0577059984473174,1.1613960600485558,1.292531015667843,3.1243642163457666,1.6253294362859996,-2.5230982907705806,-0.5569426361686483,1.323536705777232,-1.9620602678860923,-4.124933616040089,-4.375939712616917,-0.4383191886801996,-3.8323396409649733,0.40528776642719533,1.5422314868004774,-3.5358040337018806,2.957591677487887,4.231656542376491,-0.5088592371962697,-0.7157611629370171,-1.828473381204964,-1.0827418097842023,0.11663031532642128,1.3921704084741922,3.2648037180295373,-1.8005512821213274,0.13590277584867963,3.156363524543208,2.849679850633182,0.8389310570844253,-1.7099413806524224,-0.8313677618407693,5.451160513517243,3.9932310025311297,-2.2350993192654713,3.002205253207193,-3.4379310435004284,-3.322533892356231,2.3828372798987756,2.289896533710152,-0.3541997512446444,2.7097481623493076,-0.33242240483088537,0.7176374340280692,-4.232405934714218,2.979739985000265,-2.210741132303478,-1.0459229275557502,-1.3353176628653673,2.436780301090799,-1.1654188816438154,1.8796519607892217,-3.6977648353325323,-2.1003386656371514,0.30566249191860234,-0.7982196546245993,-0.9400513221513718,-3.76829885617816,1.8547024232186542,-1.1843618723803184,-3.6926419099715226,-2.5272828683550315,2.548152517235557,0.24495600560259984,-1.4439623415845018,1.5271787938932344,-0.02401728069007631,3.466356276034382,1.3414663557848594,-3.1398872023062223,-1.8331325626386008,0.48613742148492195,2.627707476048733,-2.548890133656991,-6.436235546975929,-4.301630998930357,-2.647110520065344,-0.9032688695365261,0.7783729858669718,2.4197199985010207,-2.4324765680928175,0.919567006925008,2.8650502161438776,-0.09921009617545365,2.4866915240053222,0.210179375650899,8.286648312478635
-1.8536219867344697,-1.3299835115442766,-1.4431169785167934,-0.5618089493993565,-0.5341207949257604,-2.7323129245670277,2.346141419269732,1.093097750765487,2.5717501191055274,1.0273655712414094,-2.4055833862345635,3.1273606528129427,-0.7314510038232647,-3.0983487756392445,-4.62782064005607,-4.390438878651843,-2.870630999155747,-2.816034745553112,-3.3041923715773676,5.4448868315695345,0.8528418001840872,1.0411748552893445,2.847192994930563,4.629785833918111,-3.0175397794469196,-1.6856619912335433,-5.42662882407057,-0.48417595246826184,-0.4493707403339556,7.162354032224621,2.551342073602749,-2.082330130240246,-0.9820684893002977,-1.0827412320407974,-0.21305966236051416,-1.2352553746525494,3.082904071648985,-2.0082410211422705,-0.31505742431793693,2.539725992942718,-4.206701386354696,2.5023080232509423,2.2162361079441104,-0.7075869365263188,-1.0100312498116448,-2.4302145879220984,-5.594195044305156,1.4449540717422096,-2.5894905357430615,0.36538357857956627,-0.23479717245831597,0.09014709965070705,-1.9852574637866436,6.785554717233713,-3.5982526549463096,1.7513933013041634,1.047385932974004,-2.3344195108711885,5.713206193889133,0.5789212595894393,1.3576486648627304,4.661811124573406,0.7358693755943204,3.2374929470098746,0.16644672975414723,0.6874140544368091,-3.9812228292211227,1.0015646412015875,3.9497655524536004,0.7184313620467514,1.7341710726742354,1.706208940502602,-1.5205510057706544,-2.7002750848055763,0.3114196785971593,4.516723062836652,2.006516633139333,7.362197534732155,-0.18859614727093782,2.3485555866143204,1.997584231706631,-2.5282922638356085,0.8174732135284328,1.0701037293164648,1.033802431468828,-0.19560744046355255,-3.9355065954644304,-3.2036913941655403,4.944755968724348,2.1438631371606953,-2.084737349155067,-1.4802443825837268,0.700785939212617,-3.0522241648737363,-2.2747351197399066,0.5705082598539266,3.0911379421347194,2.053002110437296,-0.4977261127838265,3.8715311749724783,3.9185492204460104
1.0915042378247075,0.7235453231038004,-0.7270229880354967,1.3875422119159306,-1.5597932854022296,1.0032496875866104,0.25006171358158036,0.1443716645785943,0.1761631545336191,-1.2614634941088618,-1.247681987441935,1.8080169959008519,0.22112998724184307,-0.7948425812798614,1.094133161711157,0.6966645275772803,1.1954501655980219,0.16524454703876787,1.2970634826410472,-0.2952445264908101,0.03458471361429466,-2.043604893931293,1.4289193122181738,1.7479793212585786,1.056360792864739,1.6660500239248632,-1.4134280500304237,0.6625417385587097,-1.4038271120712231,3.0368464079633606,0.0037681100036094928,-1.0619550511762375,1.9324902851710948,1.667746228465801,0.8245091194315476,1.0067751004948957,-0.8802082739211904,-1.771168066223181,-0.5550003790621231,1.2161373673293383,-1.9839014577056868,1.4806419410073772,-0.4803272686324931,1.3455289633826581,-0.1934466241025789,-1.228282828899733,-2.8305069911461467,-3.2707299077841188,0.5003017420333377,-4.238517364721643,-1.9667927399730287,0.7206749808910142,-0.2795348132237561,-0.16126907093651488,-1.5030196159073235,1.8265038306479495,-0.8590563506369554,1.6454368019457242,2.012544992429774,0.04942693694928402,2.2355569920711873,1.983228900261665,-0.9642455449552945,0.4079396225533916,0.8794013481838598,-1.7725104444884472,0.4057107383040915,-0.33872646853203114,2.2614276435958756,-0.04076409976554758,-0.8577826819817445,0.5549525788160241,-0.4170621459452263,0.0683956503591383,0.5056027357361356,1.3332893794898966,1.7490781901123915,0.92732207444276,-1.6654394889972373,0.7704166799969141,0.7221322483051129,-2.370115718110039,1.497512447925005,1.5425100697439793,1.280290186758004,0.2697197055978683,-3.0593560531973565,-0.17770964070150333,2.0214752586585196,0.8818599259281186,1.2529142117251184,1.7889591079652885,2.4424250469104125,1.117260779659866,-0.40485183188961277,-0.4342300584446329,2.296661780815564,1.2398839393700392,0.04069455148545428,2.8383683168939697,-6.662280542922659
1.178124384117924,0.8823567163690906,-1.6450839958670884,-0.29406937666070726,1.1632417684260896,0.13309187887737017,2.316491725736049,2.4611318651209944,-4.738397349757604,-2.1219105160079303,-2.533415727043199,0.773119915974662,2.126331920975243,1.879623483356659,4.503320618969704,2.6866198195123605,1.9348756890989467,3.4650744530321935,1.7217957724015307,-0.8331666403570509,-0.8883030651610413,-3.2610230259251844,1.0137720097099268,0.08620135837952346,3.518161212715011,0.817287861044065,-2.2544396779260407,0.944111730176463,-1.2639469621957264,3.106314650592093,0.9779073184078569,0.7988012984853089,4.17602704136748,-1.3772741055716111,0.5972914831323883,0.2823413824154501,-0.9751833880184705,-1.359885914972874,-1.709422718982732,-1.6969748413791033,-4.497670176825117,4.034717621640628,-0.9613441406341828,1.8826516411804997,-0.9911829441291077,-0.9018620010941544,-1.6271726454835098,0.4849792015618504,-0.11860021529076134,-1.9931009679536302,-1.2986581388782446,-2.465604861649398,0.3282206729255977,-1.563543108768461,0.4660978244770183,0.5087291089686892,-1.4706458352025529,-1.0926876652697994,1.8461938200824157,1.8150428991113596,1.6388478129953357,1.0906255131857328,-0.8609206601553241,2.0406966265534527,2.1829901737966475,0.1323452326216066,-0.8393382340607949,-3.1669989224477875,-0.4132614793762115,0.00835514794523487,-0.7448388048971409,1.2086333200056865,0.30093053759590116,1.8029133084222877,2.0735861677974765,2.753280130101846,1.47352301464693,-3.765794171869214,-1.2217380663288728,-0.6650363537112282,-0.011129534958120156,0.6759932584634816,4.060190248077705,-0.6783468166883555,0.7786295836746101,1.4118614584264046,1.079265786396284,0.7161135107949484,-1.8085574767669237,0.2326986492154466,-1.1480731762631617,-0.1191133980303723,1.6348996820572403,2.26637052948764,-2.0744544686064694,-4.703062589945592,3.637321611506662,2.5014140355411496,-1.1061093791618803,3.274682707508804,-6.8380587907535375
-0.04827106832883425,-0.2721935199500523,-0.19268793293881892,2.7300925438623582,-0.8849177007694341,3.022573318792816,-0.01779758765700623,-2.5390438479786153,0.5885600469767198,-1.6259026374434125,-1.332454310623391,0.5924082656631613,0.9217792325781422,-1.5156296152889301,0.5397985041597527,0.9613394333970637,1.8371311205662835,0.21202802543194393,1.8499035527913774,-2.7781760780750235,-0.667458592880463,-0.8027117975658383,0.4801614751149567,-1.0053209417723428,-1.0429028400443086,3.0030894204140997,-0.6812386485778353,0.44891297797375834,0.22348224894220306,-0.047272909354207054,0.01950705917640619,0.4280705368843746,1.145220296004826,2.352519213081773,0.14537964313787266,0.2868665689434131,-2.017784344448581,0.024322021226702073,2.2981082257979053,1.9214987253980966,0.6993824612108017,1.4002345999591657,1.677656298376042,1.6373986872889514,0.6480250766271368,-0.5682833410952802,0.954359999901763,-4.7704526552571735,0.04908540426576216,-6.088191850393305,-2.7761826783393526,0.8853620635182576,0.9738637542708115,-1.5503913062559027,-1.622079427651125,2.391134973846421,-0.6809358881315818,3.3985777894600155,0.39025443694591855,0.8273848801540724,2.5461941312171694,0.3508490477343128,-1.308301709730127,0.14964602659683912,-0.30686048477680444,-1.9391725068961658,-1.4725581169621285,-1.2438275799531826,2.1476386905690728,0.2613812345750594,-0.03241613749169581,0.14773785867959346,0.1445756533971986,0.7752056675870875,-2.3755600486210584,-1.8166323909944146,2.0128148327376993,0.29238164194691046,-2.2100634726012713,0.6489420397607554,1.2262613028287916,-2.958801502430777,-0.3351746175146507,1.0798261317679005,0.5049076964101422,1.1650505855768427,-2.5339885721508906,0.39025387563617364,-0.33095832624980176,-0.6715229569825265,1.0862298459993167,1.7759042326008851,2.6425228403379477,1.2891039759576606,-0.6160541174891134,0.9298063521290086,1.1343985774400438,0.23079615935964887,-0.015860949434658926,1.0172294382995728,-4.299240575878028
-0.6229463730960404,-0.6116297618694262,1.4340115919898482,1.1417200257500415,0.36655564663268964,2.4209858270820663,-2.1850820325713856,-3.1515209341761645,1.631257288685929,0.9347773888862386,1.9879596942256996,-1.695486605150236,-0.642991031490672,-0.8497186374955972,-1.0187375139364885,0.5921706772683462,-0.012840149281123675,-0.8245026765734946,0.7134456322863981,-2.5350678577366397,-0.4094017536187989,2.2386279460267606,-2.285158779917502,-3.2655332862296067,-2.404101658634534,0.6948532319866428,3.350505514325836,-0.3853537499112674,1.7311250507423008,-5.822892126939631,-1.0919524413409034,1.145143600136775,-2.0183629752837735,1.3121180715807443,-0.7985542226529526,-0.05275867162436144,-0.9656292040244943,2.1093703818683784,2.546607693837143,-0.0005787942828153481,5.431373864256406,-3.232989710197302,0.5788273900302355,-0.8425059662011424,0.9877851151380892,1.828358830979071,5.000624601229571,-0.9010842609589791,0.6030051310654859,0.88305739800669,0.4474719590270174,1.134191936469958,1.1946671199659342,-1.9841734289836817,1.4030103324313472,-0.12329662230919358,0.6173803222025617,2.172338793773262,-4.452889039740175,-1.1334309434487886,-1.8489248686551754,-2.718527007913034,-0.010897572284135022,-2.3121343510252985,-1.857303359190608,-0.1722971694039123,0.9302262435782916,1.2294580858186293,-1.3815000912957125,-0.11826085463191194,-0.25602051027127176,-2.583131451257508,0.9473826126410589,-0.4826635362868475,-2.7432748172622206,-4.732928185199335,-1.3936435159990768,-0.5901351118356783,0.5252327622882889,-0.26748192215659283,-0.5650108179975423,1.0082082753311925,-3.584081030340227,-0.06824050024369549,-1.5927731166848098,-0.6686103312137275,1.0323398800779475,0.5791936867081566,-2.13910223745764,-1.8961342852513232,0.8812837629275363,0.5091131323665334,-1.0040525804558236,0.0800656946971715,2.152486885759698,3.6368929100747125,-3.4491502841151083,-2.494328940179663,1.407934387095378,-4.053764127830019,7.091810918070307
-4.922057409707522,-2.4402962167934255,0.7803529481455015,-0.7184507000776386,2.321847354524233,-0.6601331393275163,-0.6336457362139429,-1.9869740506251086,0.45777329450533727,-0.9405515444940836,0.6100096460112927,-3.2071924885545413,2.1610457640215404,0.5407492391500137,-3.968644764940188,-0.5053002250547861,-5.098414579917339,-2.489308543332484,-1.551834450024634,0.8191996723084418,-2.019466531563862,3.9526234605154977,-0.6203742512166646,-2.651713941653604,-1.60794161154319,1.676823857878011,1.447445171760097,-0.9917860340029733,3.208973442101299,-1.8497338377442765,-0.3546350554294123,0.8612511692152502,-1.7345433086071531,-2.6309853174512554,0.4645089727811189,-4.555653236912183,-1.8530043663556746,3.6344482805585367,2.901908184367729,1.2015248837828838,3.8910426415327906,0.4214433644642689,7.502117759950759,-0.4528470178516669,2.573803495286538,0.9221010101284426,4.409714940647224,-2.510071189517564,-1.523799055914967,-3.5470653837403145,2.057007859099401,0.7897984653492853,-0.1757621025429953,-2.0021200162313253,-0.16379350571587709,-2.7214247088121737,1.4806286783293348,-1.5771728152683784,3.116173317857152,1.7025527272060486,2.0929769557266713,-3.193359969945481,1.8012242996623433,0.01378367889866424,0.939169107332868,2.1407746838700272,-5.8558288641280845,-2.5565083548828214,-0.9630573173864903,1.689865996984401,4.655518827826799,4.793543586681034,1.261938799493505,4.099607244090187,-2.6985619564854226,-1.2427146947995835,-1.3169228952724956,-1.372930313951155,0.526397097740915,-2.753081266622799,3.762452930490363,-3.4885853053800333,-4.409400247511474,-1.3259939891608417,-1.5247286376379976,3.5517933529971994,1.4630155914987717,0.6400218209799339,-2.4437495056127916,-0.5084263291781266,-2.159776653502101,-2.627207470542013,-1.7730637300873133,-4.462294616197777,-1.839558804703162,-1.1497346880079413,-3.591131794721383,-1.3852074628779587,-4.5173797510638725,-4.0273145073834735,7.737751777205882
1.4802107823625823,0.06974944454580195,1.344867255186017,0.9782031351584578,1.4514694236087142,3.0437402691307667,-1.5035674403877501,-2.0163023146261123,-1.5121652964527748,1.4123680532982312,1.4236630922829903,-1.5108950563451984,-0.9484684106362853,0.4351025200152124,2.4722626063283384,2.4490770151542263,2.8110088439848475,2.363309237858709,2.086846579565151,-4.677329225990831,-0.16967181733750275,0.8752210252248868,-3.7814783765562927,-5.005327992832377,-1.7200262938182465,-0.9006565931516617,2.7731603281672177,0.40965460656310315,1.199965950150452,-8.701195059245382,-0.6126529511161185,3.3934921126656072,-1.6508733494206322,0.5821500802730654,-1.8350167515981817,1.0650044338369773,-0.6108706468140358,2.1820122854956883,1.7881803685749835,-2.6362002863526666,4.682498283907844,-3.1829361779594767,-2.1946664647339453,-0.4595007952238326,-0.9216940709666318,1.9732359065331775,7.01046459999336,3.1110715058178418,0.757888177255103,5.1938186966499975,-0.3962280752807098,-1.1318584926378723,2.7260504577565965,-1.626409909420968,3.0578613970261634,-0.05991799743393528,-0.34290280216046526,2.4418388970434908,-8.984989368181498,-0.9503151044835387,-4.773177438346513,-3.9274952550692404,-0.7564435039447649,-1.9507349352810683,-2.46273262572752,0.4655017331012905,2.3767600991230617,0.9927151289112632,-2.8969771286642914,-0.91055343461539,-2.6651491538914116,-5.698025328720151,1.4757016840006065,-1.406561827489557,-1.8564970692711604,-5.668652883572682,-0.8572633308582776,-2.7505590783883753,0.17230563540652388,0.07369322514975295,-3.139365023145775,5.606249171279125,-1.0709428897370028,-1.68257146543858,-2.238110007971298,-1.7134126319965926,4.032456209318903,0.34802826832290823,-5.8137179592077555,-4.019609932366302,0.702964955080753,0.8050278408530086,-1.2197927725143856,3.3002652141589284,2.48654778452556,3.3451863440200085,-1.9476878095824226,-2.4952310821900063,3.790342670870939,-3.7815920358887865,6.931937366910337
1.2784008515605516,1.327939922951473,-0.4517355336577835,0.26812877907240484,-1.6890000600990096,0.27837852774643734,-0.38821332498937494,0.4373406650418023,-0.40660362361709995,-1.2895503903749725,0.08885833196551435,0.3956999520669578,0.2826353191185489,0.7560592786356433,2.123046254351903,0.9866221370274353,1.435813287422312,0.7792781828097499,1.0918008448717818,-0.5562861606996197,0.23574808073300116,-2.476440909158411,1.094468312936808,1.2151829557169966,2.6905643066706113,1.3024391811086806,0.60263722705294,0.41066061362956696,-1.269097375146804,1.8990344891527824,-0.5944467597095494,-1.2417706787904472,2.0719883614164893,1.4936966363411268,0.934623918665769,1.267147348332788,-0.9746493553322518,-1.1567077369742025,-1.56799482592507,0.30886381039527827,-1.2817957999271463,0.22482633572585364,-1.6756361207695212,1.0283463080289357,0.3571002260396672,-0.21034845099462923,-1.8648575286630602,-2.4055053206122463,1.3277771631235682,-3.2685499487874674,-0.46860552875702544,0.7704635304071856,-0.16372715230713236,-1.565225344891501,0.0688969059126628,0.20213408582144834,-0.7251864038913982,0.7129958961553536,1.1902201066200948,-0.38743898550596123,1.9006883685720475,0.9224272170062999,-0.46663652955920415,-0.43197328244852445,0.7173079295716804,-1.590205756855625,1.3572921553995507,-0.7108693613266519,0.5546394483912397,-0.11364395325030205,-0.46819066399980697,1.2124531478823197,-0.4450317592913178,1.001652732166972,1.4130442856705938,0.7203294614768416,0.32162670873303983,-1.5122722431010835,-0.7148231407497427,0.07397501763551811,-0.41710590615124943,-1.3651299961728627,1.155131583538995,1.500306021978644,1.2104525500840675,0.33221708825658003,-1.388914656954976,1.0951083179119887,1.594369930454886,1.4548360866659287,1.5770752225832545,1.3793024701056396,1.322723792559601,1.4484400818059455,0.4305648567271934,-1.1248130739642512,0.6277779961019336,0.7608781746220593,-0.4540427874449728,1.6366385543315507,-7.156306885318766
3.582041520479734,0.9832465209361365,-0.45673332894706653,3.1442209061342306,0.41306629318743787,5.4060393028766525,0.30631663990918967,-1.0065518977255519,-3.576482366254368,-1.3690846011992586,-2.2457398115301097,1.1670918263116423,0.5350342669269432,0.08575070987266839,6.58126638498325,4.678718520678695,6.4465486355928725,5.38202535473304,4.3683658706007025,-6.290689113237992,-0.09383304380889174,-3.579172085794529,-1.611009213196975,-3.345333300860137,0.6783262599564924,1.6219662743627155,-0.4759006140998836,1.5426590922366097,-1.142679599044981,-3.1285990618896466,0.858713832935865,3.3687904236504167,3.2456950754721983,3.199931822257893,-0.4774602347488789,2.8232124297350416,-1.5360419595410537,-0.7041985457310375,0.7393459280456917,-1.8426701585162952,-0.6285736155059861,1.9370158285166568,-3.3763020806591855,2.1032348175592213,-1.7624192297002141,-0.2503320038920267,2.4687356193044527,-0.11447365182979458,1.2971546737910973,-0.9124217224761276,-4.609701680562932,-1.9933246148598074,2.9468539593777927,-2.5088094041818536,0.9028099590065023,3.5570148542379427,-2.431453096621126,4.3564398477967,-5.855035589842616,0.8952902845949209,-0.9581613752583087,-0.5837383839908782,-2.978738385738377,-0.125989861305807,-0.8316221084867279,-1.6640966332306293,2.3037225352375814,-1.0657457337838916,-0.36298058745090983,-1.1577486212775274,-4.100258245344559,-4.744714840476766,1.2213619922178236,-0.7558435992222091,-0.8932237798106217,-3.05035575086665,2.407097926567399,-3.673687124509348,-2.629671913846664,1.6099238212340516,-2.3632552061554013,3.0521755518991838,3.5007785602725376,-0.5218798307424567,0.26617244621479635,-0.27782420949106024,0.645082118075618,0.4237882494808105,-5.063685334654327,-3.1004733858982707,1.7691883017836039,3.2300686956450266,2.8605334786087897,6.603902007942067,0.4410188580789248,0.583920640626677,3.4992847079380676,0.8599991948322103,3.4986393044140764,2.2294450883547716,-6.8081625229774145
-0.8124978144861923,0.5880849254160745,-0.2516567274879479,-2.5517631738125046,1.6747380224102466,-2.422256252687304,0.5706628241548702,2.5905533725343695,-3.0349981532668964,-0.3262212791653496,0.6628879425126678,-1.4694770502040722,1.1232385687039035,3.1550740523147383,1.472235516064064,0.397818140296039,-1.5538605190969124,1.0881954502481315,-0.7010106327300666,1.1300069620189308,-0.3618874606339362,-0.3380281002175289,-0.049045744723229506,-0.22636542207096133,3.3700923854848424,-1.176164584707408,0.8971995654620001,-0.09318341517481202,0.3205308330417948,0.7878865153904661,-0.7291204862422448,-0.047792969640843584,0.5171156339772212,-3.0513812563148717,0.31382873013673096,-1.4197014307619753,-0.3670365528410656,0.4496231776426375,-1.9444622885287293,-1.9887681857551467,-1.0444327461705458,0.23588060518197818,-0.04638371579261827,-0.4853631641753643,0.49113448433359985,0.5944481951884207,-0.3008250976585899,2.704687848511078,0.23316538603038692,2.136497743085297,2.4695936353637675,-1.5910717171920503,-0.29006538543927246,-1.7637441046735174,1.7863561968462753,-2.7521121302404854,-0.32923535288388606,-3.502556193769599,1.6163517678256407,0.6223708801138101,-0.33599704428761934,-1.5501533081372252,1.202629854253827,0.1605079285848965,1.584569805022335,2.0512050025220887,-0.1699935936887433,-1.490823985703937,-2.3122102617674147,0.3270138931487465,0.9159112217833615,2.6167760601686614,0.3550029521376175,2.111782293114519,2.3710369950377923,1.9355500380110464,-1.8012534181737418,-3.6419520865911266,1.6045957749534971,-2.563839398461273,0.16256166107253434,1.3237189140542915,0.7115160193270011,-1.2477463287004031,-0.28671921169114706,1.1950790749454447,3.834673023876415,1.204597637347068,-1.774704138945341,0.5674708713440275,-1.4069870390541284,-2.321796511595858,-2.1359416936976934,-1.3593872668442577,-0.7593577731464771,-3.7944053484783797,-1.0236878319011085,0.4601839865731859,-2.129067599443931,-0.9969200092091043,-2.339851561484436
-1.4804313587006417,-1.622747247982894,-0.09250210846622711,-2.0692982471803045,2.760047432442101,-1.9750240441738312,1.0112671714351495,1.0318848391058737,-1.714955337029457,1.1976528100515789,-0.17615431219482092,-0.718088682563271,-0.13298503155212882,0.5701962224280712,-1.1585485261174675,-0.9285272106456136,-2.2160432966103527,0.6389182078241659,-1.2254742465201185,1.3664368680204937,-0.11039904166571,2.1481912995455734,-1.1024795912846501,-1.176722198580104,-1.1891324373635066,-2.7333812662360097,-0.8414796976618931,-0.38630600699435047,1.3206070565485146,-1.6920760082237918,0.8961940281239735,1.4284754377262658,-1.880361204464963,-3.1904547369216743,-1.0901475658972695,-2.138470945754837,1.0851516794624292,0.870445217360633,0.3854925680170419,-2.127731164667907,0.2041903794589824,0.3935390304712749,1.4844331025845303,-1.4180369176825425,-0.6463036946449613,0.6743530980561542,2.612736465544995,5.6099063530501105,-1.571463221537461,5.601550315913938,1.6182692811223072,-2.040841644510621,0.41535656282567285,1.7231851367374826,1.0313758508790007,-1.5829723356907646,0.7373932045486433,-3.199643751098452,-1.2381790206503491,0.7258433164870226,-2.5577467717903297,-0.9329110576938415,1.1916519145121154,0.9348658659884737,-0.23044492841129627,3.100488714519664,-1.6374925302411154,-0.6455728479261569,-1.7498452844704804,-0.08001405070996427,0.8069537507849145,-0.4190281957801533,0.30527824572654727,-0.3551536432500183,-0.020651582652815637,0.34935129737761605,-0.8098858822382389,-0.24340141410173466,1.3432508011784283,-0.5470547932720389,-0.09420491415643642,3.2646461681793153,-0.036073120563716254,-2.7725989470974928,-1.5920468800696814,0.021886261551552717,3.4631071822739985,-0.9332520966648561,-2.851295848609802,-1.2794837115554651,-2.7233212006787975,-2.79105265458555,-2.3359762990477817,-1.3096242769600663,-1.1116081506620101,-0.6473944869631906,-0.5052867441329475,-0.3774850884867663,-0.0013730938587663485,-1.6823373079267643,8.184944198444654
0.2823181692578036,-1.562040249791512,-0.5780771296216265,2.130534215847467,1.5691711267422725,2.838466546057848,1.3150620895202627,-1.6860633452194955,-1.0258322471479608,-0.12108945869842933,-2.9673540333510156,1.8416195816631895,0.08783727730837843,-2.3022969565728526,0.4492199389535779,0.45783622279406133,1.508416384715031,1.7695476038595064,1.3394071126125664,-2.0243119221670303,0.1425072982671565,0.5276998694526535,-0.6238033916636371,-2.3671306826613443,-4.192870898864126,0.4160415127648959,-3.696613374350162,-0.08888399287448778,0.8357333397588302,-1.023411712232972,2.209834511459613,3.128122326579083,-0.6587428185781652,1.021503021612102,-1.4977865379786302,-0.5814458853636477,0.41128219286927203,0.40798487979669884,3.064028576158794,0.042198813351654006,-0.4687726497674216,2.591166969936192,2.1982282549973413,1.404578105977272,-1.2923810862891003,-1.4261460877141758,2.6357763493141917,1.1928262950165598,-2.058224909310783,0.5262296773819277,-3.5935845328002016,-1.9397928066265033,1.943764073603064,2.642526474680152,-1.6310779374014275,3.11462319998697,-0.5542348180380099,1.9323898711823346,-2.615977368967411,2.0627168558191062,-0.775440829835537,0.5938428796418708,-1.762561718240214,2.1264306289583463,-1.239349370575798,0.2174152514098677,-2.667383499474409,-0.9659789642935357,1.3577005774541857,-0.4100189458526217,-1.111223214015427,-3.214419080676018,0.8229269090843337,-1.8861460758175368,-3.258127028607574,-2.0664152655872248,2.6343878291165423,2.2205663179190647,-1.9255901921033194,2.345015066057879,0.09513693164141963,1.5871607375885963,1.056246200093547,-1.4794727009645245,-0.9367244622426384,-0.13803648530857565,-0.17526327313653683,-2.153453938957032,-3.196717418426624,-3.0247727175433594,-1.2471672485818799,0.3452611671196812,1.8931049298544778,2.5689146531188065,-1.6283107961802141,2.3209312918666893,3.1703392087331923,0.40583898541489366,2.3370679998572523,1.1226821610289333,5.508724351630881
-1.1137299438666546,-0.3995367110173458,-0.7070711300251648,-0.15755501775132072,0.543295165886728,-0.4733866484756224,1.6509436185772373,0.7493424752744394,-0.9601722972660148,-1.2464682737444712,-1.7576924171976929,0.2608768185927186,1.2797827741102168,0.2514021513104791,-0.38133620573820515,-0.21587451755194048,-0.9468781576257477,0.14416890413252959,-0.12446121168107671,1.171224592557741,-0.3788429636234499,-0.24329656096823302,1.2142093911367318,1.247573924248923,0.14518735907080813,0.7552122868172096,-2.5444949550457907,0.1060941925150409,0.15826764570453852,2.9266774080360944,0.7188356441103055,-0.016497955733752276,1.2888871933717996,-0.9139448598862475,0.3084360975198125,-1.4047376849103854,-0.028586871878289732,-0.32890293822106215,-0.15606676939535472,0.7113011588196473,-2.1771733965661157,2.973546292548255,2.2601068030140223,0.9689659665026495,0.06312878953868635,-0.9317013391753393,-1.548229970725852,-0.7774851120136698,-1.1485268279666252,-2.30210699447991,-0.61003476833671,-0.6747836476189486,-0.26843792244097975,0.9513658677441994,-1.431443929273928,0.4481070522862193,-0.22480846538498717,-1.1076070370013804,3.3174242357290953,1.010632083692288,2.3241452076855875,1.0990832906318726,-0.05184162069632685,2.037682235910487,1.0445282892884715,0.4152947368877597,-2.764384110785214,-1.6546132769651112,1.0998431074367883,0.47556183229073157,1.4000620568238213,2.2911409587733194,-0.06385505649870639,1.1366016540031312,0.43626580892473416,2.010879798268818,1.2930603680658561,0.45653133194969153,-0.5916413838626616,-0.1949876343862865,1.6030974803152875,-1.9638855317233401,0.8886679990697789,-0.24025279300289848,0.36364832414393394,1.7970396973940528,-0.5628374694350351,-0.6308380483866342,0.00939659854387545,0.6492004380735368,-1.184358359620164,-0.6429663504002731,0.8431431146396475,-0.49530643988590234,-2.2953326787278705,-1.9234537256655784,2.1460764312621006,1.2854216080929124,-1.7348759435740682,1.884609791094956,-1.3989354248135764
0.02223643358195042,-1.9512833652273516,-1.596581978158805,5.028462930651434,-0.19034648364582227,5.61559965280822,1.8772567356240804,-3.294085160550302,-0.3297649548613226,-2.9028792397176644,-5.496326412875041,4.0169422034621265,1.6390076721909872,-4.2449403253993525,1.1716944505169555,1.3353888299787595,3.215946744921127,1.7889686391214596,2.9714927710281107,-3.317803938687465,-0.7011201474792257,-1.8342827606879872,1.3477121241065777,-0.8196150259754957,-4.667031033078864,4.217058686159128,-6.088128659301237,1.7115188710211227,-0.3276943435174181,3.089007670077379,3.0890109760880735,2.4440127889231436,2.692985696962168,3.6456735121645263,-0.36267473769161906,0.10904248342574258,-1.0422418639964737,-1.253614124155787,4.191540421057113,2.7115321593898223,-2.745371648442981,6.292449539971053,4.169112209797322,3.879756089635537,-0.7692110176729274,-2.9231044273299513,0.42097805127321536,-5.100769389133107,-1.7258041350788582,-8.578861954404479,-7.035602032149128,-0.4537949178997768,1.7089991537410603,1.8439458263641237,-4.827288099531456,6.2612438143898785,-0.9672615111692993,5.26627416173205,1.5369914739478976,3.559535057438972,4.46341449157135,3.1924959102159605,-3.5604311732936478,3.3549757705195633,-0.6936112454507373,-2.83878007286048,-4.861912666069118,-2.636201610726532,5.139401682022628,0.3736351175745882,-0.45237325441613707,-1.0105504001267627,0.5307673243944986,-0.6746610795549889,-4.6021733438299925,-1.1182962262422824,6.000961328598666,3.494520416328675,-4.916197755885653,3.6849221198724957,2.628966164022752,-4.080908594819799,2.389989713801823,0.9228710816341865,1.009253797808571,2.2260121318080404,-5.168913572696637,-2.1710370660426292,-1.0709617681835266,-2.275418389224808,-0.34873195384134115,3.1351253464586413,6.548163925216464,3.8072083808493717,-3.2989023051112483,1.4807619902108538,6.327056108865756,2.2681975472139033,1.396607891392319,5.302842946842247,-4.484237773112493
3.322458698909747,2.3409912298028424,-0.15720547693069362,-0.5715906166933513,-2.106645606930538,-1.418847132481881,-0.5695146645758464,2.010122848020316,0.6802693771839126,1.4386788439872011,1.7408289682086695,1.1258663809219824,-2.0240183301722094,0.7899514407703384,2.1416054189096516,-0.3147601777995158,2.452210649057295,0.4689153763283201,0.05229629373519595,0.7718038579606881,1.538364359475606,-2.173287209881716,0.962328459696123,2.594033545526127,2.4033921461133088,-2.120777795204436,0.9561150438315977,0.37514716409598536,-2.2545223678098814,1.2805765151937067,-0.8064299074577954,-2.08835424569635,0.8038424257808061,1.3358700171826148,0.07736457801460839,2.91743096622721,1.355307719828615,-2.469629717675877,-3.5110533411719227,-0.8413287251211471,-2.348640717891185,-2.557917976233626,-6.1774177720909185,-1.224982414936884,-1.1639020859623268,-0.08680752495164007,-4.022673682547975,1.3778916595774096,2.018505241266288,3.7355620253441764,0.331406515973046,0.5447147205855983,-0.9385991484080783,0.5796451966527131,0.9175966366177455,0.24558906832057095,-0.8591677286850917,0.1042913994019356,-1.5678719471065545,-2.2478483572718497,-1.787895056567334,1.7727626966009238,-0.11446003492673804,-1.2024457233125343,-0.03310236324709104,-1.1996575128599625,5.2301281796976635,2.8547400481898313,-0.18644612864900453,-0.618915588077656,-2.7439113476528645,-2.1452393482707772,-1.1616675620209964,-2.4420840226499694,3.6192104532156937,1.6070467113384703,-0.759037645227692,0.366923508144856,0.8965226651197682,0.6838325200936728,-3.1020007634057567,2.307589019663661,2.0995316836033284,1.58870217116263,0.9849760630428337,-2.682072173144686,-0.8720841737196903,0.33381518287164624,3.3515837833955566,1.846259149506571,1.9215185697919523,1.6184252811276225,-0.19676728242974467,1.6336057987591002,2.3130918080809098,0.17017301579830588,0.7362977058071903,0.9534374144883984,2.19420159963616,1.372970817295289,-6.5599912805252725
-0.7410149358857099,0.20429761622182294,-0.5699703583814428,-4.168580212557838,1.5558572618410755,-5.504661391289707,2.128618044833623,4.713571856792777,-2.685594638891203,1.118753283572856,-0.3485376485522842,-0.05587757481407972,0.1601544779987176,2.57513763154194,-0.3740281688415473,-2.02440323126796,-2.921615553175636,0.0963222644277113,-2.633065629510665,5.007234947101924,0.47288079197800736,-0.07300707267542711,0.9945072915008696,2.4397133430804123,2.3897803045255603,-3.916922166671522,-1.5554977661136515,-0.50413578033095,-0.20367797136195226,3.014035834237019,0.8278697871641998,-0.9002290325382416,-0.11155115514600089,-4.82317565677233,-0.12961979386566339,-1.7253054427264498,2.3991810031562455,-0.914402366617458,-3.7060921460599143,-2.4619677683130097,-3.7274460302277346,0.9001929074643171,-1.281166744414164,-1.8764726458646532,-1.035211368570277,-0.1136568101098912,-2.866006578507636,6.932955346221962,-1.0712842772162048,6.8365216433819285,3.3219091857354517,-2.5024553043165247,-1.6848921179130616,2.8130530714261277,1.199124712203191,-2.8796378839027694,0.3028018083804104,-6.863344370014424,2.899652862156457,0.5421102193875703,-2.1505499172755655,0.6293763943083412,2.13728681167201,1.909505475682969,1.9542494220486977,3.4254620068489343,-0.46986598693100334,-0.3709525011122829,-1.9171139354207536,-0.1037385273097593,0.7014689538061887,2.128686179842191,-0.47359161929371485,-0.20046655904534308,3.9650047749570763,4.779714007830782,-1.143180255346678,-0.5767849096307638,2.9315882027646682,-1.7136451899120422,-0.5330906683440045,2.602340833446137,2.1345138805056436,-2.0818344154459654,-0.288341353781799,-0.35579818961166576,3.583201179308071,-0.4467318355326698,0.7398744110972448,1.8069283575831014,-2.9118535532129783,-3.8443189301269154,-3.283873950079595,-2.6253349994255117,-1.5749510344083246,-4.021215895721788,0.826244079143514,1.4315510988597515,-1.5674466280050898,0.6624894172365849,1.1694625956908478
-3.7141566935454,0.18005897584071767,0.37323280392432945,-2.315579405561863,-0.804675767071217,-4.194100451108642,-0.60765966759858,1.5301564561808791,2.0854652457433156,-1.4622600157577093,2.0835336276432153,-2.740817631306101,1.9223921534937058,2.137971562788384,-3.435450182651274,-1.419679418723232,-5.5900638369330125,-4.212162179052609,-2.9101619776088605,4.293141204425986,-0.6009419444586024,1.1590947714286692,2.4041182072323615,2.799458741538132,3.662465705724588,1.731834522742345,2.8913411676879646,-1.009001982974819,0.7074683205953486,4.749789637143144,-2.3148422828035606,-3.747051543725542,0.3772204389696934,-2.7383998178864606,2.6075960500369377,-2.849671002383445,-1.5315023371786918,0.5844967134424051,-1.6898524717392802,2.538179835016088,0.4365056411854841,-0.5023073073960722,4.003536391520933,-0.5506571994885484,3.5442372759892318,0.2879708928283812,-3.5228026134985355,-4.810900859454509,0.09444444185206019,-5.913386895012361,4.3557568434813705,2.442703362022534,-3.308260113945635,-2.7795214825068237,-0.05994373680353948,-3.9152625073636065,0.8851020732345829,-3.602902096069326,8.635135021690152,-0.20339754602598356,4.891129330122882,-0.6586290597370384,3.0268700186872386,-0.8658643301252125,3.3259728054224924,0.604863137260826,-2.1996158563706967,-2.0065535613835896,-0.13584051681493836,2.2832585011378628,5.28563677892718,8.461248102370334,-0.9269881676372507,4.764299563611772,2.411145283658566,3.8509118174730297,-2.686127636196415,-1.4685931420386802,1.101349811525462,-3.779598375471793,3.814278888519256,-6.169603285589337,-3.2135032610810987,1.5584182880058892,1.0251690336584578,2.739593710164384,-0.8277497999848572,2.4847145120888037,4.6978168327922125,3.953277001086452,-0.2154230407367171,-1.9500143824958356,-1.870889129647241,-6.141981820731764,-0.9198728245427019,-4.2055769123742675,-3.681379363836988,-0.09051580985007147,-6.898942958834141,-1.3965533004125243,-2.9511254448100166
5.60765082170575,2.171965771178179,0.22439926880882533,0.5347858724128541,-3.404524349428965,-0.46997363728378166,-1.2442041480272805,0.9197671660738181,2.9910706720119373,3.595778448094176,2.004705566733411,2.923645704948571,-4.835165789443914,-1.5402861794291078,1.3231931566043182,-1.745466603999962,4.451480365194534,0.0890548956457236,0.09288703751374972,0.1397840087145487,3.1755929797747524,-1.8698810429865045,-0.538533661207348,2.9954613639144734,-0.7689093883488937,-4.2146091201774585,0.4291097538288771,0.28747362044238867,-2.7804373630894137,-1.4969196080189797,-0.28710343620577466,-1.4486261029699694,-1.3654217687988812,3.7571837373022827,-1.2257857874780318,5.13809795026699,3.6161906001160697,-3.5237415770240266,-3.0545473128678644,-1.1596610596854426,-0.7710567643923951,-4.7995410205012465,-9.372556185109088,-1.7810279473417576,-2.835671103705738,0.4547737492805056,-3.719266472339714,4.042258322072291,2.168654017592204,8.41356815727619,-0.5635955424133396,0.8874792581784552,0.38469423017591986,3.655765288705203,0.8023338495176466,2.3794032874729143,-0.7047227687780213,2.0742049382780015,-6.612024677639483,-4.189801525406376,-5.495170226368962,3.286249319552478,-1.3842058325710374,-1.8602245329103342,-3.0479094333523125,-2.221270323408919,8.222236178418676,6.801990146890785,0.4238789747264341,-1.9021010157107603,-5.493668301124414,-8.178933459008876,-1.4181151509591714,-6.55404872679396,2.3210181908256344,-0.6134170419603462,-0.17222240178190568,4.677552169159554,1.3936233257440607,3.3306588424053682,-5.500858978652173,5.592741618141917,2.101760720166925,1.548707445423624,1.1402611217195027,-6.299194480641525,-1.8104914267988028,-1.698026288084006,4.197205604427192,0.71115095192906,3.1918245184490286,2.7753998845641994,-0.24985913493229012,3.4293515175871025,4.460760796258307,4.938836653283728,1.0209356826283105,-0.014233880719631685,6.845471037437555,1.3274558265634575,-0.8897810101859076
-0.2134682742376354,-1.4210185712267973,-1.6230158894361417,0.8490028409815701,0.7096963049794118,0.6752424686844547,2.378502680586259,0.32197392127449537,-0.2076329231551021,-0.9118802849047976,-3.9173172084057146,3.413011211480226,0.4254516185972947,-2.3932467461276468,-0.4241758521473076,-0.9321087890158771,0.04483104166900614,0.44601589513841455,-0.40941073316894855,1.6456697735770411,0.016909612199601493,-0.6367396068339165,1.8316834565945244,1.6147198443902224,-2.5704453210151383,0.5249119604748346,-5.7833158861832805,0.4202599440167049,-0.2787185054007215,4.784486522991293,3.1424618752049005,0.4883755693116005,0.8783638652429057,-0.11108775641122126,-0.6900043244706464,-0.8241785659446342,1.4212794344935409,-1.900918838768126,1.161657646541532,1.2106566288527296,-4.325854483573209,4.38136087142332,2.3850711972716154,1.1661215169222061,-1.685684244071198,-2.260841309330444,-2.2979423000625085,0.4108803456954633,-2.1281153625426854,-1.4794753976907031,-2.963477771040294,-1.462687074435909,0.25502160209136543,4.211503255314686,-3.0040905924343613,3.0242976631484906,-0.10046139797725971,-0.013627991469178452,3.0812092221093397,2.053939580220147,1.7359040750392158,3.7010502813469164,-1.0926756511066804,3.4912860628225255,0.03515282027273635,-0.05042734414557398,-3.409572050178643,-1.4081356912937935,3.1348129793608686,0.35010621270635267,0.31116095480950456,0.25366815230641526,-0.44714157705958946,-1.6538059330303985,-1.085250812232005,2.352474823420416,3.294971528831562,4.355513361898915,-1.8619567075302286,2.2759505626956584,1.4483897526146465,-1.5785186125426598,2.628235243895323,-0.20555071723959215,0.7937816411254461,1.0116154721701254,-2.49478960909131,-2.977184622675272,0.7703133839731231,-0.015542250280114953,-1.9901638566701405,-0.3711486380033802,2.545321554989727,0.5271467096783856,-2.7412231465847077,-0.32613562996094075,5.014314932208546,2.1003990246018103,0.21578405674269857,4.383230067582413,-0.3767486742311068
1.364521410221495,-0.08081067468801931,-0.29455099721627515,0.6109133618499163,1.743173414242292,2.581568669915057,0.6427338893299293,-0.10315796612648032,-3.983045955738296,-1.0602981155969222,-1.173975117613662,-0.09940833363156916,0.886005535122377,0.9263540679946242,3.726724828607023,2.861346152211876,2.83409654008605,3.64312523474355,2.81183896452173,-3.640210153559539,-0.6447124683279547,-1.0568623346531651,-1.8712562902537924,-3.1392011349391273,0.529335930068042,0.5167005242183726,-0.32390636838352027,0.7108658917629976,0.2942452574560275,-2.975169633059489,0.6032293296015943,2.9408659801945007,1.5076041888330278,0.16542633405736307,-0.628498177554466,0.5096959034299422,-1.0346262327105176,0.6557610258730932,0.813490698159309,-2.060715011827032,0.03759888634903084,1.758929063091814,-0.5472183526381984,1.200079532833748,-0.919116122318602,0.5250572311101803,3.565940982011953,1.7191024424940928,0.00762578313346042,1.228061141095715,-1.7979796420063654,-2.274446290371348,1.883561340417066,-1.6912556493150226,1.3257329385612089,0.8026764660322177,-1.0508377771235977,1.046507494797191,-3.671190240585453,1.5165775419641543,-1.0243900675298452,-1.5509729950207398,-1.4109627079289222,0.5215621087832926,-0.10051892052855148,0.16395043054124916,0.17021597877803454,-1.9396603747266958,-1.0462490553887345,-0.5408974092595284,-1.6848237856514006,-2.1103382741204637,1.3019773224102504,0.38635725865964843,-0.9540444394813099,-2.009491339171843,0.8939511061946548,-3.970886490828215,-1.1064422593661456,-0.16193592919076777,-1.211598768673611,2.8987682183810732,1.8983850893970013,-1.5348033241771415,-0.7110295364137651,0.40875645931755017,2.7388420397854203,0.36807553915361507,-5.273794976432793,-2.660086761534382,-0.3315776500019468,0.6122529532966323,0.5762951228158927,3.3543500981843697,-0.6385750378233506,-1.2129503470777105,1.5384097407756525,0.359909131075972,1.5232117867968018,0.500605724255164,-1.1212955024314886
-0.9798426110702813,-0.2914738921285055,0.14686039907151355,-0.589398742401999,0.18691096283218292,-1.2928241630839066,0.5802583057237671,0.5921844594029637,0.487768649757336,0.05630382443910872,-0.5439352058726059,0.1839442814890485,0.2897219084076421,-0.322099695335028,-1.9522427676507736,-1.5315639970191564,-1.9301857265999594,-1.2554304108513876,-1.2034612475445365,2.1228994164499744,0.16697925215272108,0.6816399771676633,1.1111376944719735,1.390634880860006,-0.292776230067956,-0.03094233906861857,-0.9704768369177608,-0.234672612178998,0.3615576385420368,1.939053733740924,0.3737020989079976,-0.8734485489947199,-0.16257139176273674,-0.7265453013070966,0.002538871613146143,-0.8219010453701392,0.41578708291146416,-0.3689036880954105,-0.19537532807057895,0.6885330182982696,-1.317890005849071,0.8949884343008994,1.6210677510386182,-0.06449325074844858,0.13432700874465547,-0.5488874734338379,-1.433039034634561,0.3180767280147363,-1.2273502119230633,-0.6082676124483931,0.6117275125929649,-0.03327776880777358,-0.8840855420984595,1.30522462513403,-1.0246452640169692,-0.37477932703501365,0.5422456318043641,-1.4748233448411936,2.602690773343833,0.3708190145375782,0.8968177196487415,0.6328152377245553,0.7608089880972903,0.8306554404469059,0.7380050015020092,0.6638761354330017,-1.4444537422321844,-0.4397331531209925,0.7081441717510588,0.2793387467606797,1.2203482600541211,1.9404331534594288,-0.17394741104798447,0.008706947614096017,0.18930638430252256,1.6848253067862529,0.24307759108040614,1.2321015223696266,-0.006444911225376243,-0.039526741440742696,0.88321846300051,-1.4182356534559633,-0.17709349248790504,0.18373312514026902,0.19946316792965402,0.49561002157314926,-0.5702010613159949,-0.514905651416377,1.3354001428090196,0.9428089114810204,-0.8850315268122844,-0.7680424965106664,-0.12175168592696921,-1.555940660692595,-1.092826482149456,-0.8278371235038984,0.227046426494057,0.46903198580895755,-1.444442900007299,0.7570398479290288,2.1676575358548664
-0.6236123470096714,-1.3513205806669701,0.3083738006872502,0.914998586664252,1.2576341325271323,1.3894128057432351,-0.02722208323990284,-1.6413828822628043,0.11674871626164479,0.13639537524933737,-1.0517028208144619,-0.1929291109319016,0.09589295115152144,-1.1925175850457037,-0.5924196200996721,0.22765903017820258,-0.09317061093863725,0.20891406284068129,0.5543511823007642,-1.3692204406429147,-0.41432870991400633,1.26935870204507,-0.841151319685477,-1.9692547999675984,-2.7688263849621975,0.16234756533201483,-0.5913065068429506,-0.08499603506987408,1.0988103477092583,-2.5368649707703534,0.8229276783571318,1.654516641256636,-1.2416239982039303,-0.08488100571522568,-0.897133565485199,-0.7733380830280756,-0.20737409850156005,1.2676212677198537,2.3978342379161384,0.13823380854911468,1.8007010201131564,0.3568892205719097,1.906694843521353,-0.05757373076871551,-0.17856599036767307,0.05224059867901321,2.989518141054374,0.5913024219309907,-1.0835589397804568,0.3736268655918543,-0.9383295478313138,-0.5174058840470493,0.9218165854043263,0.5169981281791413,-0.21255603992942781,0.9570386727492057,0.258014110644347,0.9695752401875922,-1.88965118548004,0.5479399345875994,-0.5652411271142193,-0.5814882021857752,-0.7949315488426559,0.371479152909515,-1.0947325341289378,0.5228004052655519,-1.7082786115717534,-0.14982732055235554,0.020976040203934215,-0.2249228836131338,0.08241530986875256,-1.4533739636158816,0.5037144202160491,-0.7005458160993914,-2.0981506456402053,-2.2470378817592827,0.5620383700691839,0.6486593189971334,-0.42957921382742387,0.8336102181394052,0.40309053028989955,0.48607253733804917,-1.1877214703014478,-1.0769012353420329,-1.0509987058256145,-0.08424878120250459,0.656700868915893,-1.0718799881311638,-2.0940172108993944,-1.632361119443643,-0.873799151852389,-0.21254288691675194,-0.05352929855724342,0.44012033482672497,-0.5354535342641749,1.4900585804515103,-0.11874601457088757,-0.7996531673798728,0.8778415839412816,-0.9041490120582655,6.104566661074424
0.9057172009933425,1.6660694012425996,1.4598534205607916,1.336281957920749,-4.599056897914022,0.231079561900687,-4.0733621075357895,-2.56850506326927,6.617413210526373,1.9175600870202247,4.7151595160782565,-0.9965551219302129,-2.6347050989632685,-1.415520011075295,-3.239879239301955,-1.9337588303346003,0.19816875277905066,-4.240404489792076,-1.1634747339041653,0.17492298310489657,1.3136422445747746,0.8627192893241822,-0.17427038421840252,1.8145682584629528,-0.2380500598355288,0.5214144008174346,5.156845851685083,-0.933055211227353,-0.3046345844511286,-1.907696711006646,-2.997971800859823,-3.336750076603146,-2.1170659359744635,3.571017457767064,0.9512297434859621,2.3834731445779993,0.21399264170702,0.1232266277169582,-0.40888344875885074,2.7495966776299605,4.186847779994051,-6.0496175329165744,-2.835445792217927,-1.3130335658053078,1.8243044117547964,1.308258948736382,-1.8393645777108594,-5.143894565512909,2.585260550207687,-2.248926881552532,1.847992799047525,4.896080156973387,-1.3180221762196942,-1.2384078017914104,0.017361393142575253,-0.4034912276866115,0.7426459084481434,3.204369512649305,-0.7472302364066272,-3.8892784147388086,0.4554072366292333,0.27544085502230437,0.44337529382942426,-3.856751379161052,-1.641327082223801,-3.104199571353821,5.100998353613565,4.820353004292998,1.0004585956422534,0.015167979927073721,-0.1811228652488716,-0.6009573960976535,-1.25979640005523,-1.2366133028647968,-0.19635780463750674,-2.088884875211586,-2.423887326599058,2.6014657255163764,0.8368573397841574,0.7853557384777803,-0.7526017448791983,-2.7844174394342383,-4.1847276250519405,3.879630539663764,0.914627781399057,-2.6214767903736846,-4.219792089017575,1.1975009549310114,5.862867573611246,2.011872622904854,4.519542620750334,2.2315801401122832,-0.31942172081255427,-1.517609298428932,4.7169286022943355,4.957176964866799,-4.5248445679319,-2.309917997893576,0.6533784202423185,-2.2580425261351382,-3.5173003908958838
0.3695639883616715,1.0761845753136785,1.5111903292648616,-1.0869485378599892,-0.4092068842848478,-0.9365089007941797,-2.262755018570534,-0.3800777448323468,1.2511817943712453,1.504088044102906,3.926412777604558,-2.651780671024619,-1.183188650908354,1.4863613552360517,-0.3713320386428363,0.11139487086452847,-0.5155122350323097,-1.034859296553257,-0.4349191258775462,-0.6157702692785796,0.18421730191674102,1.0567251753587876,-1.4285479687339009,-0.982472607144605,1.338187371073007,-1.0278785792657608,4.57122779359863,-1.0536692821075508,0.4474895245145656,-4.808522772910991,-2.417973613838103,-0.5427067487282632,-1.7577544430685224,-0.44550075809700984,0.009904773247066706,0.5352550550621725,-0.21209024633337842,1.354602547984199,-0.6406613626559831,-1.1472027782485732,4.284695567891242,-4.890648058442559,-2.3052626909621,-1.8607428779022774,0.9204709230731006,2.3029496181885896,1.9787321898670056,0.6291309047184093,1.2073071503645574,3.6793851354340616,3.214767519417216,1.521614547669042,-0.023032419306056356,-2.6043560878549354,2.760669862665016,-2.7095550806683755,0.3865637990445423,-0.013238669479614884,-3.003881089970657,-2.2925080088348824,-2.594740689646732,-2.8753345460642197,1.3878721741090145,-3.044863253052222,-0.7534728108840201,0.4454949527354223,3.489417587915004,2.2452684897232107,-3.074554235120562,-0.0723950354830867,-0.4382852964100595,-0.7861781783701485,0.09636702383614716,0.214492224756465,0.6015653041880994,-1.9991779853356968,-3.511552411876467,-2.365876264251296,2.2256777242508177,-1.4879303571729612,-2.052882574567409,2.1150247530993544,-2.448132590599567,-0.17619025745886754,-0.8608329041363534,-1.465834824140323,2.3631292576038345,1.5726314533256647,-0.20993515326895215,0.21645314073269634,1.3888695508260729,-0.32487460881111374,-3.02770426035954,-0.7137616442883008,3.0505158217426547,1.2014335593605068,-4.465549059401318,-2.433298811012572,0.31148074316883356,-4.335892837130025,3.9337768555115975
0.6815388484044459,-0.35306778468714195,-0.2664117120396395,-1.5810800083721357,1.8046820607812106,-1.5696763988376268,0.972232295600324,1.9042618675820064,-1.5071249822123265,2.7338761376970617,-0.14495603045955574,0.6982148502465956,-1.5266056588386838,0.3122728084279373,-0.24693073344978828,-1.377080806792287,-0.16017908695363675,1.2111154812285434,-1.12241104165818,1.192702147817554,1.1033340696850478,0.8509589880947119,-1.2130039130741608,-0.267196772117128,-1.6469103387794253,-4.459117358461724,-1.9176297137801628,-0.18383188842074802,0.13818567383570302,-1.996817267309698,1.274742673166256,1.4048017168307678,-2.017970352191907,-2.046131905987295,-1.613177431010442,-0.059350241834131276,2.6553564722538563,-0.37738172413955945,-0.7666771942321726,-2.778982601989548,-1.1015279061437528,-0.8717581265450725,-2.2294724659067584,-1.647545638648593,-2.2821118114587065,0.4172019497510825,1.4077194524167935,7.9712489891635405,-1.032886270412107,9.55073840101511,0.9473524994753807,-2.181774431836333,0.8563442498088563,3.8260804262846366,1.190518433523446,-0.2771557474508431,0.2349205434730411,-2.5222642447359496,-3.970449050306354,-0.1167516718554551,-5.4372181996235485,0.4126632209851804,0.2648539465361085,1.1617450301638301,-1.0424434704534955,2.5061572943024237,1.0694436891865475,1.418724940442177,-1.1027368941986753,-0.8157495172525674,-1.7528781438007857,-3.59515661402987,-0.06620870553834773,-3.434039136272576,0.8595853505329321,0.05390496434584091,-0.3060271428088418,1.5670212013949087,1.9360601703860258,0.7378182419864837,-2.158065050991492,5.699983131097823,1.2732019018206948,-2.5680194680374666,-1.3108746082382028,-2.1855618745627243,2.9132952396982277,-1.9133794246186098,-2.1130433404087543,-1.3937536850669978,-2.0431192337696875,-1.8447445849268642,-2.3093532342281557,0.6023343396318085,0.13040155694615693,1.1401910211955137,0.9472973488641719,-0.009981938356994569,2.8762882824305804,-0.36094649402200285,8.550928488941105
0.08569411009484407,0.23707462838009652,-0.5493052923915556,0.10086872109928366,-0.4971572477232295,0.013616182177398725,0.26713417725865174,0.31645618790454055,-0.45848611514220333,-0.6690025616297769,-0.9122910381321463,0.49184591516466203,0.2967442901660536,0.07181329142790857,0.7691066864154068,0.12511873554183534,0.6488887913041426,0.42175582054325356,0.11284891189524342,0.23969163707274377,0.05254306077082342,-0.8422678934206034,0.6873782290500944,0.9826983958760073,0.8768112202688706,0.7119586724239154,-0.5730394629545541,0.2844587484189979,-0.6600059621551392,1.9653421984500252,0.16827179972892714,-0.1622852197894763,1.1475362013959232,0.16549533254440388,0.3543673280381126,0.10072243947700754,-0.03521844438093555,-0.9184562803492715,-0.44944099584400177,0.0666647884875986,-1.507821584737481,1.221958148978782,-0.5731081466894294,0.882270299805632,-0.20165418520084777,-0.49871397360951203,-1.4484031241431947,-0.7375218687414855,0.1454300348495416,-1.3861087525983007,-0.42506478167497874,0.16526280930277107,-0.21558153322767146,0.23457211690153162,-0.3850629919286751,0.19393306053692733,0.03263020624752566,-0.09983036458706057,1.6794036532009393,0.2847648885042909,1.283952475117699,0.7837045967603735,-0.17484541701162432,0.43956269137352233,0.8136203326667689,-0.42565307323677537,0.018084113182762124,-0.8995173969973631,0.6355451098405446,0.1334215282336239,-0.00615087779134673,0.9404482679058876,-0.2766406240586037,0.3096436461271772,0.8470727438498777,0.7840522997035242,0.7394327541433496,-0.1183240044364777,-0.6371388307097586,0.15661288657466163,0.47503145030496063,-0.7276614670504906,1.0290964816874018,0.6139464891701781,0.7471143048002955,0.37212590382994554,-0.9050196203154175,0.010069711588363256,0.8733286292568643,0.6112128555871443,-0.030928528484112122,0.15188129446748155,0.9480744898420415,0.25717487741841993,-0.45846709832208066,-0.8117702743437156,0.9293437463485118,0.7968933834823285,-0.47990251744824036,1.4725560531786437,-3.9414752458712443
-2.2163100185803923,-2.444871912510984,-2.269034240436407,-0.0752745071184528,2.52772136559216,-1.121676128053379,4.6963384689637575,1.8666107431915737,-2.5949708910074407,-1.8042998380795099,-6.055755237497992,3.2902020151346725,2.4606884525260493,-1.58935498426994,-1.0868189413302614,-1.297913584996954,-2.0545727151722692,0.9047206677002052,-1.0309305294778355,2.9243041740446496,-0.4813069701482478,-0.3182535167526672,2.494372358092086,1.8254684158677867,-1.9804254353682982,0.39030648045962063,-8.019598917882416,0.4148607796099593,0.029642687508323537,7.392150124029535,4.076856312063961,0.9366735926908062,1.7378828638332395,-2.569414351794026,-0.24670234752609582,-2.4298791873653034,1.0774433010282563,-1.5082355439720176,1.4415923300972255,0.8993992097292792,-6.773726911007136,7.876551086791846,5.262937512144157,2.0128691624124118,-1.4270419515457737,-3.264006662204902,-2.4161894115811866,1.6361615481146254,-3.598519672968573,-2.3665622503399586,-2.767180930761433,-2.8463191273903092,-0.32440450175214447,4.802637468052539,-3.5545457518593584,2.364150585651499,-0.0932450991886086,-2.893578000473004,6.561028063145024,4.1139438481136095,3.0645751270905564,3.4655113386281986,-0.4072962204581848,5.653523535106423,1.7646322833120796,1.8466265323954996,-7.288097977926148,-4.097323691436741,3.112615173985963,0.9644093604047443,2.161172521814202,3.139725290676742,-0.1484459549957651,0.13396951128793616,-0.42199255343927816,4.9778841416921225,4.276992153447452,3.3451887559757125,-1.9864619646465906,1.1779946643887875,3.4505385880875705,-2.3237353486415877,3.4162800460319103,-1.276342722348255,0.5386736609566521,2.9865959702722797,-1.5523863077469826,-2.9379805654896294,-0.6383032863151245,0.029320894427071836,-4.58550648915574,-2.264020896088243,2.4509422090937867,-1.110090353053182,-6.032814896647246,-3.44995381922237,6.0505429921743135,3.4700373731409972,-2.356915932244101,5.409987434874278,0.5002404790311703
-2.3038136815364347,-1.0171277269397012,-0.6613338219420642,-0.6341390331620674,1.6776255850370414,-0.8968927757792658,2.0023518298586938,0.7639376467686633,-1.9625217258663041,-1.7935912037275208,-2.166049697071627,-0.3732906993754503,2.385155936276385,0.4684562690490417,-0.6217979434691616,-0.0352796842475635,-2.485230480532733,0.14265842676330365,-0.4461998873829964,1.0517226061013434,-1.0134941859111202,0.28762057906706423,1.216294140423849,-0.12838508385012765,0.3161458204510472,1.361349201933587,-2.2960667863389768,0.15302935661781436,0.618704273940011,3.1698531938647956,0.9698239937390992,0.5861633371492814,0.9800184062022164,-2.2604281915033653,0.6092389599595914,-2.3306513112438516,-0.6146834162007049,0.5613407374659046,0.9374142284715336,0.40397965003639696,-1.6817825331394773,3.511606020861452,4.326402992882895,0.7296955228816739,0.541254580398936,-0.8412431819255419,-0.30265284251014046,-0.7728354353367414,-1.3665780836014636,-3.468020684937351,-0.26358732368865906,-1.14157849566261,-0.6242712853580394,-0.17773202446987954,-1.0978436305250052,-0.5856813739651516,0.3632434273125868,-2.1221387139973555,4.698329829100285,2.249154925130044,2.7864511242519203,0.09098192474834733,0.7407610544152948,1.9994978991337085,1.9043504691650892,1.3026937388288042,-4.586181106103814,-3.31635206416632,0.8488851093627741,0.934944610921514,2.646644774603675,4.133463519455913,0.14236426020458792,2.7304188979547406,-0.49834155987142925,1.9919294345656011,1.3003969439848244,-0.9735491460408915,-0.8545352743628128,-1.039389679460386,2.6553954017413743,-2.5100693458321914,0.6434037960247708,-0.8564756768043484,-0.31894386597271807,2.971598756884274,0.3850204135093665,0.17746057499925422,-1.2847016640090756,0.3349240662497758,-2.0365596052516937,-1.7053183794129159,0.455860000275765,-1.6289235327232847,-3.2847454674926673,-3.2926188266457195,1.1270474675486373,1.073684291540771,-3.219778353533125,1.0640272928967118,-1.1885500446289257
-2.3742123500961774,-2.9209637416471974,0.15775827170438259,-1.4156867631400325,3.5743221929397184,-1.2209658475148393,1.2339022602345773,-0.47144455566348936,-0.6829310335863612,2.0170328173548246,-0.9340904444419413,0.0023076617363804175,-0.45514686485211325,-1.1966468458650872,-3.4455609410327774,-2.0632868751953968,-3.296096671144037,-0.3957723521044425,-2.093255402551561,1.653933484813165,-0.5792565651733932,3.8370565130665346,-1.3954546225352504,-2.0933995789805366,-4.468495473997968,-2.886744290081741,-2.095265004161025,-0.8069314163185694,2.33982286544017,-3.0035386117483878,2.0377553883249035,2.714029115308446,-3.924547412619537,-2.927133483878364,-2.220838567764898,-2.624613077232084,2.286151987843472,1.9180786571597097,2.3460163462668344,-1.574764367298248,1.313881048544859,0.46663878257765645,3.404730819163918,-1.6953543955124706,-0.8613834847776113,-0.07480587229305369,4.5742802601406805,6.619028401221747,-2.8788832604147476,7.498183545242515,1.0317121321402227,-2.1402028836284015,0.572479315734481,4.123384575381267,0.22903991359923617,-0.9594320459081458,1.4274581919526521,-2.8867739787856332,-2.7435657720617996,1.5057413162156041,-4.0649700328467455,-1.383874287898873,1.0077053228322403,1.9993651839918765,-1.3793774561984127,3.778516443324316,-3.6741374686821917,0.2654583039060021,-0.8819871837144971,-0.020158733708439625,1.1317095153653036,-1.9120297155278179,0.5651370985743711,-2.0396561107816336,-2.4878340051492542,-1.1742220070260594,-0.4488774781067826,2.2484508460308255,1.1432959955203768,0.34851138681938626,0.23963810142752281,3.587543540720352,-1.4993311969344794,-3.420991823118209,-2.2040742848002277,-0.41046567451975824,3.3863569294542626,-2.674395029254947,-3.8273929104120743,-2.4597046826434443,-3.9881548614007216,-3.5453339265711317,-2.7743157562849423,-1.8528543242753597,-1.7893494151909513,1.6371472986452782,-0.3938588721420137,-0.7670936075954058,0.9362117620313515,-2.433740762688816,14.32005839393172
-0.9226309296162228,-0.09374289204795566,0.002039731059092137,-0.11770579853207014,-2.4891155616635103,-2.2055888782091477,-1.2218577605518792,-0.824126864734219,5.59245531209526,1.6648253980269667,1.3831415780101988,1.208457721447217,-2.1671777270807073,-2.6506352845907273,-5.824225699356128,-4.581822036538646,-2.499523113880562,-5.010773479575725,-3.0912593640288013,4.164032693191378,1.2724264527023545,1.4021032198511898,2.0739170234808304,4.469038026975798,-2.3614686165442977,-0.6006478923166875,-0.44182911454225715,-1.0736064232519984,-0.4045566375751421,4.06410168612459,-0.4558391477981422,-3.4259523488246044,-2.0870209380108586,1.5474790937252791,0.32613596977728604,-0.20745936859926684,2.254287567268014,-1.1719871515098548,-0.29426753650941284,3.8113195411203358,-0.23352138257710509,-2.2175179607604507,0.7265871401436403,-1.5740461463764144,0.5762648723638271,-0.6996106114729789,-4.564977617011885,-2.379028131226052,-0.1591477497613825,-1.3311649655802653,0.7754530965209303,3.1218513405140143,-2.0809705287669136,3.4982484196680605,-2.74473841654514,0.4670636840186289,1.5651832496742841,0.042148213741559276,3.6830051134352657,-1.9294037894084541,1.3855417382973128,3.2990595040541555,1.190885348323332,-0.3525081785805997,-0.7374388544181737,-1.1317480822683899,0.028624392013790897,3.5909347291632954,3.0942538605820262,0.8716138625642451,1.5670361279816225,1.1030657471842282,-1.947792017956954,-2.3731125677869565,0.19355537943603224,1.908812322475337,-0.27808595720154083,6.942858635295591,0.30752175799470505,1.5264378088571093,1.3669042111312688,-3.9634173652445486,-2.282092740950783,2.363362362012568,1.2091760394422009,-1.3637888831035805,-5.070913811312661,-1.3463569424827573,7.380807998611035,2.9166560965125057,0.7976642793143689,-0.10068786431445344,-0.15899924040264146,-3.7744387714805265,0.9223093443337708,3.2046475463606736,-0.9772278451460266,-0.14229763948135804,-0.4990543840450871,0.3984845768880281,1.8807916127472455
-1.3857686167452048,-2.9615661896577192,0.1455820946617281,2.3846098390713997,0.26192678757784976,2.4334848084482332,-0.5467911604191048,-3.876573965349715,3.3229356331153905,0.9431048852506034,-1.1887618951586132,1.3029437886100335,-0.9462201629945309,-4.425549287719794,-4.135147681188292,-2.031951064630532,-0.6344862634059045,-2.004930201419071,-0.4371193421137351,-0.6490852153910769,-0.3483353029758104,2.9899001945850827,-0.5253784926724502,-1.0528440039226463,-6.846772756702589,0.7638431432676827,-2.5282711519267593,-0.3514419824939654,1.764955092392476,-1.4846013376864633,1.6448472913608916,1.245830078894559,-3.1950391224802024,2.033290069533461,-1.4096022495732483,-0.819204816859065,1.3468890284870674,1.206933326419518,4.25880564962483,2.4232594744088995,2.3365080622047394,0.22276857491219615,3.953495904317399,-0.17120458203969613,-0.38555180483838813,-0.6261489548746062,2.8638896439224166,-1.0374757361626663,-1.9122238651256405,-0.46630919849476266,-2.4252500253127596,1.0470818227541157,0.9506400590641739,3.8944146445836862,-2.5679361922583275,2.737937971528571,1.0538826184842034,3.046520221534576,-1.7822531826520944,0.7766288849206937,-0.3459009564622184,0.7248749630827893,-0.878995590268145,0.9402186276159847,-2.503256967586866,-0.41810326389641905,-3.2732352622995693,1.3675860257856165,2.784975317403196,0.24044548697693868,0.2389770322389595,-2.718567498976236,0.10539542609140522,-2.493919540525,-4.814262863090297,-3.0799607247403142,1.9243953155902482,5.861140330675167,-1.1032885203664828,2.664787635738533,1.465571567219219,-1.1011655820443484,-2.3719331193476436,-0.2801577871594277,-0.7174897353458654,-0.5599810455846973,-2.7186815451822084,-3.0592151263158245,-0.18898253234474832,-1.7838418944858019,-0.9687099762359651,0.25836125039575925,1.2717441555370779,-0.5593869411870691,-0.5038325085550678,4.894479453136756,0.44900613952427776,-1.2164194788752956,1.9534415686513227,-0.40556986735236616,8.859402527134657
3.0327051193769154,1.7951015741290763,0.40173509408287633,0.18494268957734952,-0.8259519627855403,1.1734644767199667,-0.9705389737640833,0.6205959146744193,-1.5494326627189452,0.07805895056128814,1.2859201432035097,-0.5614188389150525,-0.43293396824928443,1.786478170682965,3.9745513099821035,2.296838292808621,3.632759009150915,2.5720666346697683,1.9632318572855965,-2.5529739852116156,0.4947069900401408,-2.2621059546935456,-1.1844030894082773,-0.9460635100677043,2.765738753515804,-0.5132531060432537,2.440588348327091,0.36626713446599857,-1.3013810088973201,-2.7196589438318943,-1.0284498027743247,0.21129105305442597,1.4203051040405439,1.0770264850881508,0.20754609042803931,2.5077680082702587,-0.36842983685749364,-0.5762892572856075,-1.9220640118085803,-2.1040599006905456,0.2581012368930986,-1.6174968800041087,-5.138935060937106,0.0010435011308008446,-0.6363971368304393,1.253842230472362,0.07807316094361627,1.1300391859981629,2.0912733998525317,1.739015796568928,-0.5492410671021358,-0.7463884438025675,0.8916946015950405,-2.713198376701369,2.470827671343301,-0.17197814222579022,-1.3140047348542692,1.1775213364296777,-3.9783540140979343,-1.2807813525456968,-1.9645838345415276,-0.9166683738430599,-1.0138586512992906,-1.9170509550812134,-0.3451589107834847,-0.8498130050485768,4.525674898261166,0.6526183237726925,-1.8076316544895425,-0.6677018002267459,-2.8810027605675708,-2.3417408295230215,0.4415084159250493,-0.38465875884738904,1.7860518498307656,-1.4500573073972745,-0.9208379768615306,-3.776901669296642,0.2189002942388345,-0.4056360597832476,-2.9623022553125233,3.205837840367496,1.6065147705179055,-0.23778884628036157,0.0784732021965365,-1.6439099351720414,1.7990137198395708,1.6909451358890908,-1.4494745855603735,-0.5625830576388923,2.0735989617656725,1.701751838015662,-0.27366865411764674,3.3127023807547338,2.2754773855486445,-0.056814942365479376,-0.2997489225118153,-0.04174126257466329,1.9468843134153584,-0.167684249713487,-4.260858670808339
-2.4408110653140804,-2.179235998510725,0.6634491656581397,0.8948708893414774,-0.865465163742328,0.10338289537769106,-1.327166220169372,-3.5412581617558994,5.67108559591336,1.8556832443889673,1.1857010800517882,0.22176789929775367,-1.4766180797172241,-3.7989652327854797,-6.7632835437530145,-3.7960374381406643,-2.776531253728091,-4.429880970795751,-2.368602553771294,1.653498785314238,0.14341544694342792,4.037899386693354,-0.18423049753726364,0.1123920478288234,-5.7205742456612185,0.23091086785236914,0.12713029711607224,-1.0290127649228045,1.9217257860960433,-1.587676366829793,-0.016248885860544002,-0.8873839036510988,-4.504274177365897,1.0065215430652694,-0.5688387542680619,-1.4357811821062147,1.3756716465424275,1.4814859453214217,3.256847829330798,3.2780361079506526,3.8575200611536573,-2.4800235231419134,3.351981064291094,-1.4910658458177313,0.6974700598720817,-0.044668621084768476,1.5261978147950508,-1.6261137201472082,-1.4875509482367837,-0.27488844600387835,0.38710990653009625,2.8040036992679687,-0.8027343101773166,3.2359878151966557,-2.0094678459156365,0.37009111412195045,2.0209942739570295,1.455830244406566,-0.13065456381846857,-1.2683123725616385,-0.30842982953740206,0.3113212640844456,0.7816607854403325,-0.4613026496270267,-1.9078423925964012,-0.022593232288586854,-1.850660475075139,2.6976887913831837,1.9703253348890328,0.6650142083743635,2.16123618098203,-0.9488542568937605,-0.5511029609228556,-1.8450996715391357,-3.5716471947178743,-2.393451791344728,0.043314580391591084,6.095404005846625,0.4296116641272985,1.5431017664476558,1.5954047230723296,-2.482549038657397,-4.7018855906169295,0.9042816222250233,-0.8627254781891652,-0.6276926279452226,-3.0811411361987866,-1.886958658630151,2.923340694894423,-0.22366124141704533,-0.1250420175624528,-0.9837325342151773,-0.6657237746271715,-3.3835587097928355,1.1054499288309318,5.02188443636821,-2.7027459108276735,-2.153166583741831,0.7141441600615548,-2.5864221012546267,9.939707167890752
-1.7808727657311059,-1.2265491487831133,-0.429616153079063,-3.024605469534867,3.3373223155964666,-2.800669752631815,1.9820185906982741,2.5692962970602005,-3.0869042318923534,0.7429149323470722,-1.015305327465168,-0.7111968937125325,0.645423163404144,1.479460831849204,-0.7809025708241598,-1.3145879165691534,-2.8481445698705894,0.7984512069836363,-1.644148357265717,2.763437539034339,-0.3769030257326088,1.8693462045437226,-0.3752331732843159,-0.5807848524289662,-0.4347923498994666,-2.8693432806365236,-1.9173564362259916,-0.3531772162091332,1.4214284759949045,-0.04228782179271069,1.8436092668986168,1.6312614248775315,-1.1627183203343943,-4.48112088243074,-0.7990074789552972,-2.8576590254260767,1.221859442338789,1.067794155142061,-0.36462739153773877,-2.4949208192352503,-1.5511679224488593,1.4469895010701341,1.9079496287465567,-1.1630967815325988,-0.7289230800520335,0.18898930438710507,1.5767172069839321,6.63933247841636,-2.3847907953276293,6.103675053726345,1.9054361619284086,-2.7820181864866584,0.31715843564240864,1.934064872193047,0.9150828824876557,-2.158130009680298,0.6197496323094417,-4.9472642613527125,0.5153108450496929,1.8814973401643567,-2.541029806344872,-1.138240416441675,1.2959349345558129,2.1023606287124577,0.5883362946539119,3.818247573782466,-2.978508724391732,-1.7338689273856975,-1.7006673232168317,0.02629290243866711,1.3712295237301355,0.9609256485523953,0.5215639863946158,0.07475325756462407,0.6717096255531984,2.16112745906901,-0.6917374815438655,-0.6374327566809858,1.4514199897459472,-1.0766606670763803,0.26208569955931965,3.360031235421654,0.7891837142001674,-2.9429970171156703,-1.5868964531000456,0.506880119465245,4.176549226363873,-1.3561288013927495,-3.3603739148031626,-0.6364379494392196,-3.821238751165958,-3.758831939535808,-2.7252300325862486,-1.9160261949034396,-2.1637791532758204,-2.715988431169853,0.2522921034486938,0.6943412136124547,-1.093614559893238,-0.4538834840141095,8.793229352486993
-2.2550682587976056,-1.5741783627156947,0.28601571318942326,0.5343531384331005,2.526306298155649,2.1168148138487055,0.6254074077752508,-1.8673567718279405,-2.3821469109141433,-1.845098604757668,-1.3110389080839135,-1.4081845817759835,2.2239908759869453,-0.03482476073540447,0.0556908893308706,1.7253261442001846,-1.0377135036292782,1.2079677858794862,1.2089980940516687,-1.9680734379446123,-1.6284443852082366,1.6056353427743952,-1.3175229080276283,-3.9802255639113353,-1.3419682267937119,1.5500377843597002,-0.3072135105906212,0.02469094245570358,1.66252068595165,-2.316560880098701,0.5799323307133986,2.4880184108404313,0.1794745101496833,-1.3699161951607872,-0.22997544099584932,-2.4168398514004568,-2.0588263232447552,2.5237649704419773,3.012326989845612,-0.2667549388698648,1.9672511654113622,2.3360838187272255,4.670896289205421,1.116301700868115,0.9134728547866853,0.011934604453475217,4.990661253013758,-0.6245190924694313,-1.2575090676038465,-2.0711818847917973,-1.1467246597412188,-0.9890105147198192,1.2950585154096228,-1.7763740312977816,0.13922501801575654,-0.5167291124272914,0.0984288407100941,0.34056727187203667,-0.36818567189011187,2.3482648165852305,0.5614048902868373,-2.972201321882693,0.18373159760258712,0.6150693494500643,0.5907230869482454,1.1566727283497718,-3.9881171904511,-3.117158886846755,-0.988926711816172,0.632589751432419,1.6054574441578204,1.23913377779803,1.4631149711147344,2.724280615674784,-2.5560846839214526,-2.179204870558673,0.7759772423060037,-2.749549685729924,-0.8942898266182475,-1.1194961048963539,1.6833649549861076,-0.3435517413639687,-1.0889175055502271,-2.0888616447693167,-1.4242697526746682,2.550346615088165,2.229477252652219,0.2566596520539931,-4.999338949246924,-2.574737475886532,-1.813527889045816,-1.0380244813576835,0.6169619683214058,-0.27113354272809115,-2.122126870493753,-1.0819524720751645,-0.13721514820072872,-0.8520251962603227,-1.3528098646568574,-1.5851683618156132,1.9300993049914839
1.298559524720896,1.6209641937755936,0.6798722564838433,-0.8591955791997272,-2.782296189785623,-2.4952877368381516,-1.4639362985698996,0.6812340692684185,3.444280350478603,1.4752631329015125,2.684071409756834,0.020505149819181057,-2.2589277327229236,-0.38188871415316505,-1.848496769271064,-2.048739471472402,-0.16292573557765622,-2.352303568853205,-1.4395355718741039,2.390299696202049,1.6229146884950059,-0.4992390584960721,0.9574297426937366,3.2807343973519756,0.8181035703802848,-1.3133073968626172,2.02785460876071,-0.4508672199447491,-1.2316156968856224,1.468322144866018,-1.4037672220964343,-3.0790695405104134,-0.9982112646710793,1.1873644377603627,0.6783584782954286,1.4539373651231933,1.5447739673055727,-1.6689202720881875,-2.29972978681678,1.2342596928775915,-0.06553567493186675,-3.6046454536538817,-3.4189190689548488,-1.9211968908890773,-0.0169464764529937,0.41937230689678556,-4.399305655109063,-0.5904069756231864,1.5432959757063425,1.7976148170331803,2.0670837371404978,2.3968035774782437,-1.5295189575173174,1.1236883420774595,0.026538201802510576,-0.7149893511609678,0.34030566966858766,-0.026238320266951387,0.8503934872300016,-2.6704614974755185,-0.7627106569809124,1.6169395338271044,0.9831840471803934,-1.6073152556400103,-0.45250367400593516,-1.2737631295520881,3.864055401951782,3.4569904451382745,0.5573106667856457,0.15742501637290263,-0.35827666513670126,-0.26624783168460286,-1.6730092952507758,-1.8837129272462707,2.531086328225701,1.1877441028055635,-1.5691627998563797,2.792032023576917,1.630758347275875,0.9056150943331032,-1.4182183949569394,-0.6551604761292555,-0.6342983616597031,1.987655507837693,1.1082775928627266,-2.3505785137415613,-2.025682710523247,0.3210558421975144,5.446772593457419,2.5891880110522165,2.2984329622454047,1.188947691280477,-0.892442319825129,-1.2876795702386412,2.444506842881905,1.553352335997151,-1.6094650852502628,-0.43122938856028026,0.6419632258266902,0.1592392841845661,-3.063408873935474
0.5678907252836625,1.906301501743406,-0.11873965247612284,-0.08976606957368369,-4.651794663671652,-2.927400341837112,-1.3229512709621274,0.8386574189805914,4.670165852898939,-0.09310736220331278,2.1775139225768365,0.7561423110126508,-1.3012136250301074,-0.5314652522512483,-2.470075263641789,-2.6995789211786976,-1.0138098264062585,-4.370280419978066,-2.224367436311685,3.9284619948229964,1.1828267674019926,-1.3100081084584703,3.0024750023259155,5.768226257529201,2.735450770851525,0.9864765137315943,1.8190692234779962,-0.37663041588108415,-1.920687441455618,6.1663879603601295,-2.2005928846855785,-5.381666540483658,0.510786895469963,1.9740388314478634,2.3382641255697125,1.57833285711255,0.37938097620766736,-2.2987730622467777,-2.8352367458263665,3.818319549635951,-1.5087827809418466,-2.161148199720149,-1.8543509318351736,-0.34954353855891296,1.234545926936844,-0.6303157453373459,-7.696345972249996,-5.920647421582874,1.8793194380894878,-5.297940025909164,1.9134267882426739,4.068311010676356,-3.214115943864868,0.17133431326820572,-1.7853564753611233,-0.6316361328611744,0.31550888692318324,0.02442890989461627,6.248642130556975,-2.766994562024745,3.768793174288939,3.694126079095967,0.8032168216952253,-1.3848723101565863,1.3719300215447112,-2.705230914597635,2.5813573516677675,2.384980125913276,2.401767630504441,0.8587998831204602,1.1661494825096115,3.6415228739284005,-2.3114589801948418,0.10323885562310216,2.9947531066443855,3.376779607120325,-0.9275633618112795,3.239093785280523,0.4735322959553455,0.3984578872004382,1.0592071389677298,-6.044595304735372,-0.8768138312365268,4.543698741409704,2.701581705505402,-0.8459604688333988,-5.391555671853909,0.9310756675804962,9.277974336973774,5.041197474583067,3.1291493989035555,1.6921974122634498,0.8794516539377738,-2.8897862377073804,2.0163218032917722,-0.12541169590467421,-1.1341536266259873,0.4018933327893818,-2.398410035827448,1.8682722336298334,-9.383984670252595
-2.205997795909329,-0.19984307587379124,-1.1202790458438776,-2.4427378018860146,-1.3192155511078245,-5.4424949232435385,1.7264578191094604,3.070439130222961,2.2323624755018514,-0.28760155217688477,-0.9119176083786894,1.494986287435157,0.4906365456723411,-0.3940932535915117,-4.1738630837967134,-4.02769710574781,-4.61912108500079,-3.892588059980231,-3.7641998029736468,7.426779584161996,0.4157860210852985,-0.46021246975721664,4.226272529394531,6.863477186698524,1.7915585280677793,-0.2504956173309114,-2.891336775395154,-0.8794551026095635,-1.259904509862827,10.25646201881853,0.5523145508033483,-4.622496310558172,0.7166263358524152,-1.949336882867263,1.7774060172548698,-1.756002907794778,1.813857569855684,-2.4048937643809443,-2.756213939853544,2.8957721221180113,-5.630336377296498,2.019115963127503,2.2147642095669333,-0.16064647108336036,0.6501576720813154,-2.1043874565576086,-8.397850198474254,-1.934368598933412,-1.0003475739329397,-3.487087784584056,2.0676916394655107,1.313999472443662,-3.7786084520432834,3.5983038587350733,-3.172347207303559,-1.0484152756345282,0.9072581036443137,-4.457250320785159,10.540465602195047,0.21791817412981693,4.0989081841754755,4.513776364971921,2.0136239305955415,2.30412284737965,2.5614760509436545,0.28639092769351576,-2.6330034589034663,-0.5021418736712413,3.073909854556582,1.5810417631717621,3.633653545333893,6.709611892171932,-1.7172520388975707,0.7851415680682914,3.338480827200744,7.310023210874606,0.32284925835459666,4.468548260058765,0.7686626307806228,-0.277523817324164,3.315437590146134,-5.727424677124411,0.6492766671470377,2.1665519915840883,2.3144657881798003,1.4616848587655191,-4.173239443192996,-0.7156584601255236,7.616495993380326,5.147418942270173,-1.3490374120381674,-1.7252769237471204,0.012517350312370723,-5.05239557020559,-2.26681963537404,-3.632802788472912,1.4803991831058654,2.4489695887419236,-4.623955656494966,3.59835797096826,-6.126423872323839
-0.27418582954408466,-0.005521589622603018,1.259630383896013,1.4830545015542087,-1.8518922283109769,1.8828811248771666,-2.698582504013479,-2.817533209556451,2.9324476806396325,-0.04453332237625562,1.9578710982254786,-1.4255106247799307,-0.1479093959538714,-0.8465031903621856,-1.6400904584433527,0.3377200917157134,0.09798161509124953,-2.3684820341755684,0.7587822609504764,-1.6753333444291199,-0.2169417585681736,0.9751055787800412,-1.0104646300993314,-0.8698008207283706,-0.8202034965470463,2.2337896741038605,3.2997270956966913,-0.37413807858592135,0.5363942382019915,-2.489614180195061,-2.020245517042606,-0.23795338749634898,-0.630853969200315,2.4394705929960203,0.6927001339896848,0.3594733836955772,-1.4039118323723203,1.3953553970387769,1.3680826612458037,2.1093209592443007,4.358453604702724,-2.7546941832170533,0.6489179836126018,-0.1736771508116977,1.5835538965111797,1.1000404984383816,1.4663595950412782,-4.678341884320657,1.1286224531126292,-4.023372479455553,0.335697083313403,2.6725246902719073,0.17247577516897034,-2.693082706966823,-0.03466866047444302,-0.6146592305583469,0.12962276349434404,3.2477913750628864,-0.605816446308001,-1.3179432722373348,1.073025482813211,-1.48682790332433,0.16464619111381482,-2.489941169826811,-0.7367007014614216,-1.6406943132763607,0.922185142093337,1.0566572802831582,0.14572268606400424,0.2480993578984689,0.7505047928329729,0.1003071401403484,0.10997353630502275,1.2489626135295864,-1.7826260635575772,-2.8719978482712647,-1.3521036868152496,-0.25298177510504005,-0.21190177715599665,-0.05879311551533134,0.24298767402082477,-2.4986122282641676,-3.0466855813249527,1.403253253547935,-0.12478761159917232,0.0718864252946213,-1.5788557186460568,1.5100503436982118,1.1560961102309002,0.08664965961165617,2.1443084362003177,1.2817110104335272,0.250486621611829,-0.8141017017033693,2.0882965223720573,2.425858354241877,-3.285035918352486,-1.8833025769775518,-0.468709583682811,-2.354442543574143,-0.2873757921964224
-0.9737788156778279,-0.7100764438544582,-0.7038459528716692,0.29323911147968257,1.225046789486894,0.4371552171107557,1.3896346648934252,-0.12416089183096288,-1.164191106928763,-0.881710881419208,-1.8536296092972808,0.7586421911421438,0.9599753484325715,-0.5350104998637638,0.2040834186427975,0.15743271635456882,-0.3140152151432869,0.7239864901757023,0.318085778206458,0.18287671430567848,-0.43373248422672267,-0.03213935428726511,0.48969844480120495,-0.19322246292610204,-0.7586182096578151,0.5850546466527157,-2.2518188799792678,0.2681083731262383,0.613591405364659,1.5855103774319472,1.2796785690825283,0.9484629151770682,0.5367845152434941,-0.802736426467061,-0.10491113848352959,-0.9383196273263291,-0.023959001206369596,-0.12165806333008261,0.9981099763193988,0.06234148680575241,-1.5852268786773582,2.830144059473513,2.411424576153432,0.8740209034377184,-0.16811470610138105,-0.72125655257296,0.5353852834681273,0.36563280641908164,-1.3869335113028156,-0.8691438491283658,-0.9657057214656394,-1.1946305582238255,0.08090558641088583,0.9117155921021973,-1.0115709381682036,0.7691835784571028,0.0015286951072392418,-0.6150829875036706,1.2723521866549794,1.7240698626201405,0.9061710182055609,0.40908819755541814,-0.47104119381173326,1.6294127098191464,0.6210358302935942,0.7084765729995185,-2.7788449363222507,-1.9741672066753644,0.7330620711101165,0.2868376734833156,0.7716166546119139,0.7957970400703409,0.3598785146431778,0.7604606952925286,-0.7256905340170574,0.4941604795656041,1.3894625380749346,0.5506108137685084,-1.0777024868640015,0.16173909994035274,1.1570336842073368,-0.5822814439435161,0.9291224945597485,-0.5765545003379381,-0.12402832513984077,1.447967806661565,0.033810364983575106,-0.8046899380363716,-1.4020782159663874,-0.8572278299139959,-1.4572089574197322,-0.2777966606865114,0.888929017688686,0.1354527501524228,-2.0451761736072434,-1.1953920505518338,1.8895696636225514,1.1600893499640663,-0.48265200575198053,1.3480922893902327,-0.7273241455752466
-0.8066270957438874,-1.0823616538875473,-1.3224189499156342,0.43038144659366073,0.6419733432984385,0.31229608554934113,2.0841280241523794,0.05603616260120678,-0.8391009445440973,-1.0413419158076567,-3.353237371603132,1.975602691816093,0.8685796829124538,-1.5652582541205282,-0.20801653331160294,-0.8213719486560771,-0.6074214991318527,0.556093993330629,-0.06450378096005104,1.013793425379467,-0.2606358693556216,-0.5380167591511098,1.3739407225347915,0.8053440016637323,-1.3470757781648461,0.5246364407509002,-4.223714246959482,0.760244815542573,-0.11986290180977674,3.7149164717895142,2.2415397855839125,0.6650087487863369,1.0359602291451036,-0.2697195512300579,-0.14552188919379067,-0.9901467512765569,0.5746787472997581,-0.6155208044611906,1.0841124898522156,0.9080978823810472,-3.014724938757509,3.758320489625169,2.488291206278662,1.3598484325999847,-0.5941619687780796,-1.9057999562854098,-1.4154511385115598,0.24900993008308164,-1.7435956119094032,-1.731195470119216,-2.1318393649466234,-1.127822982864273,-0.08067929085056573,2.6922753360454466,-2.136895425029727,1.8013077505799109,-0.23819930562259004,-0.21089042943502437,2.770454725189314,1.9863653124883431,1.8990838542758601,2.261877663794666,-0.7291882358270199,2.760470061221002,0.315617914523069,0.08112232760544949,-3.443279238793668,-1.7528040699570617,2.0980047523132583,0.14630325044892162,0.5167763176261653,0.9054985005737544,-0.3787306827983914,-0.5077499866532883,-1.1191048117290219,1.879946301720046,2.355329102344501,2.3292410200369877,-1.3010996819227014,1.4458324985758328,1.364645822737267,-1.4712335368618579,1.6404571088783113,-0.42568463997653305,0.4073521431414402,1.399861579458475,-1.5356676196101762,-1.8417635775058048,0.12512546887355108,-0.4922008056046677,-1.890761531099858,-0.4744694069535064,1.877782394244016,0.12025078857567717,-2.7508809274458716,-1.0058843987421684,3.4762209246889606,1.8169229953729122,-0.454159664913856,2.99003715393177,-0.27591225566310973
-2.3207679130608203,-1.2444333101712992,1.353432472378263,-1.1306118459851966,1.7702902072485707,-0.7751286576155734,-1.1843064729296895,-1.6897184471770077,0.9919329232400211,1.0892654681032738,2.6528096827884546,-2.880722545588616,-0.09200162787894753,0.37017910182334024,-3.0094688817962205,-0.7566081995458661,-3.025892768595929,-2.3090150342876963,-1.261680521045575,0.12241475834645345,-0.5466422355895421,3.801548109227371,-1.980026032768751,-2.4819175993786393,-1.8646224359904682,-0.5539149121671514,2.85247941773247,-1.196109915646167,2.3705780665585774,-4.611849729939539,-1.0122348461680841,1.0363038042299242,-3.3767667097662524,-1.6768233163256836,-0.7665951179266122,-2.1369064527302113,-0.37099003668305514,3.2272358086903656,1.901987336944936,-0.4983214864040473,5.008021722147137,-2.4621903896864255,2.587790414492519,-1.9480803001384488,1.565924901492299,1.6597516683418971,4.629726085851971,1.4734477906981638,-0.5538940249203562,2.640066650245127,2.6055330491335265,0.8022943928007106,0.28757789110975135,-1.144050936956376,1.4239873882535723,-2.6961846551984183,1.2201728381383221,-1.3452262055151425,-1.8969775667818913,-0.2729112428214767,-1.9822866859134063,-3.376911605182143,1.6827835339707748,-1.3171254392520528,-0.6215257876184986,1.6329372324376576,-1.1615948823592284,0.5761139915193298,-2.3378687373025957,0.4019162070142534,1.9632028503184802,0.35221832285382415,0.9815621562757072,1.2265306934901805,-1.870355684706685,-2.647246276442548,-3.0123558902408964,-0.9815618648276793,1.5608518646779503,-1.6181032239733193,0.5528364150854558,1.1109370712685709,-3.8254588306817423,-1.5380205419143216,-1.5979041017466138,0.2617243077426813,2.6576374251114596,0.3540644479016002,-2.2584348763895274,-1.1816376456080313,-1.0802091075346738,-2.1448167541409457,-3.0021653385985605,-2.7821506921773973,0.8896783564203599,1.490681819746739,-4.274051890887493,-2.569829231083084,-0.6849553206381066,-5.142544849567676,11.241904684222238
0.46767714087897205,-0.43545935529255864,0.19081104669079813,3.2192983362953895,-2.1841856470908065,3.186899916360617,-1.295452324340385,-3.1028191503026266,3.0272369781965764,-0.3110578544415473,-0.5176630692684612,1.1713316147048811,-0.5842075037952565,-2.8348283257609124,-1.0847824834461834,0.15535372442974277,1.812176289335919,-0.8660484330383692,1.3709916641874937,-2.071233877038961,-0.007099919857641385,0.19616482455488965,0.15092276331198012,-0.06919821165335277,-2.558998051801732,2.3576736290179605,-0.0016045849244306631,0.0777100136745043,-0.14626796346534474,-0.663937077347865,0.07275018559504359,-0.05966427247565268,-0.0843028612255475,3.789795999574128,-0.04474104077549112,1.2873244224274392,-0.5030256953861819,-0.00743060261603512,2.1452011252312,2.673542368414615,1.70426825490066,-0.49349652359170293,0.28974699523146163,0.7347086141068063,0.20695407551036807,-0.9069301025043592,0.40305562788543825,-4.690011019765428,0.4402754640585634,-4.788043369204033,-2.9411185152578767,2.0704551129118043,0.82245515541311,0.14036860533785003,-1.8081937839136262,2.7556452054856555,-0.07245297892346544,4.738707776966832,-1.074401918144187,-0.6332441364740756,1.7730249037928913,1.1584834795665324,-1.3335445644296517,-0.7942338673449773,-1.2531252151101886,-2.6034454182807507,0.3968764411714869,1.3022250073979889,2.397800984674278,0.0017615181743475946,-0.7234820595305171,-1.766889641104904,-0.22827420350563576,-1.4020283675735796,-2.8012338751686165,-2.8054505218974732,1.7169761099230323,2.7065100398687107,-1.831864957965208,2.070355320797454,0.36730646146354967,-2.5705418661662005,-1.103015283694497,1.5844999607700845,0.5556457814924342,-0.4628064518568618,-3.8050025146449324,-0.33989298370216925,1.5506535949146425,-0.6125966101204142,1.7852925736605278,2.799650984992927,2.778306504516649,1.4065355084475861,1.0840848432279944,3.8573875188914393,0.6392569698718851,-0.3978484829415757,1.6906473073713033,0.6631094722104302,-1.2748689562753475
0.6052137230814452,0.2477360606550302,2.4017439657747692,0.11477268422149595,1.8254670966008475,3.1384007755636634,-3.5654948193770597,-2.7947766802358025,-1.1726864959226122,1.2521696081246823,4.059768477914936,-4.245739077341284,-0.22217645327281083,2.291204932900959,2.0704728559739056,3.2232374602713736,1.2992624341196488,1.270397347247054,2.1170665977289267,-5.923694372877884,-0.8809487430654355,2.3686093783256306,-4.983037215774447,-6.795607914089052,0.15478635079793757,-0.4318111684122263,7.013659167222145,-0.21997329017822093,1.9684339314946144,-11.852960001440277,-2.8932051546412643,3.2104578308297147,-2.594490232344129,0.19763283889447944,-1.346141164062994,-0.01768712916272469,-2.3922329012599532,4.194759807884096,1.8186038919757817,-2.9421345247055517,8.178037913946046,-5.4686542330946555,-1.4861430978730203,-1.1756577096755925,1.512412765045657,3.8865147985604973,9.332187489531389,1.3425005020497147,1.9617545868635038,4.7144502397652595,2.0368647499669894,0.09575664198187862,2.4209689711322895,-5.705799918352991,5.295565921860922,-2.945244499573129,0.05802806624108475,2.2272336314952947,-9.538037995861439,-1.6540552970781865,-4.442172599739132,-6.8554658964765744,0.154278000470327,-4.435802857913467,-1.5665819594688304,1.0032494807939902,3.610665015278384,1.0148584059034138,-5.482673594871986,-0.8924460967024359,-1.2285535386938904,-3.5961939808257815,1.8020646983329884,1.5222126301012822,-2.2386028922544132,-7.532423861639628,-3.8066191913959453,-6.763565228196369,1.5762524675321976,-2.38209071776792,-2.798091643367796,5.176772685772541,-4.0142847433343745,-2.1159208121432855,-2.813619754078019,-0.6925763415411526,6.062868915295821,2.5352141044841305,-6.739684493086667,-4.003004533940084,1.4295968026026349,0.3065343412346206,-3.3281891217357167,1.7433051403206459,3.6831734457138383,2.861766291770205,-6.010147231275113,-4.011561324716358,2.032466838898432,-7.617050995086967,5.811996734752579
1.533911448072901,0.9667877010271624,-1.127609993995864,0.7034590958988832,1.9782303593960102,2.502602471907376,1.6044263057669292,0.897577216229436,-6.5146316787279535,-3.8021161285663005,-2.1923561569065586,-0.962250110269446,3.105471823888346,3.303409557877567,7.177420806489655,5.269258727127806,3.3198092206809586,5.293787838107451,3.7958095666004628,-4.627262065287944,-1.4205497855382547,-3.465147761836325,-0.21137679856025118,-2.875004043554365,4.45687411102769,2.654567300323101,-0.10983444724131587,1.4455983736951719,-0.8006610370021033,-0.2493041359826219,0.2802393285305048,2.345075706786545,4.811613375233427,-0.5782275873656008,1.0949747932329172,0.49230902266322674,-3.488288093204788,0.1751307366150385,-0.5376717764425215,-2.6534284695512196,-2.5618882388775095,4.100031604532086,-0.30970838110680404,3.167273572059596,-0.20743056161663054,0.24045771742941002,1.377849862873429,-1.2949441287337529,0.8929254736132561,-3.993838450177001,-1.8909277233716355,-2.624830487627466,1.279922821455084,-5.08800654880485,1.668825559677745,0.05499720615460624,-2.3895480619968437,0.698049839173504,-0.14614672303605064,2.247537779844655,2.1120340911654845,-1.9604806075498793,-1.5555462637410336,0.4210983183618591,2.5062548644425227,-0.18795859222492978,-0.549632114804376,-5.10449157648834,-1.6400112656021384,-0.5005664090820932,-0.9990991195131704,1.4060155013173876,1.4738151576050542,3.8429284637482213,0.8864379873475043,0.27367761391034956,1.2548755842025483,-7.813999550635545,-2.2691760172307007,-1.9844995380125268,0.0512380968004995,0.7751356250943194,3.3911391753336635,-1.297758788817639,0.16692006460164258,3.0273176928216095,2.9568905834476746,2.103855790663902,-5.837755690223949,-1.6805856445580045,-0.07323034639336658,0.8978774882846192,1.9178813436469653,4.121398897075103,-1.9580628044044737,-5.062972448074706,2.2147566759548747,1.251759739541288,-1.1267435284383545,1.8087108783449641,-8.802089758776626
3.007478066729652,1.212222656690842,-0.969002978637058,0.845693128137187,-0.5003338855706263,1.7658533563216938,1.0615273182770966,1.1579304548840894,-2.562751038967152,-0.8879352478913461,-1.4259156818453658,1.851032260331733,-0.3303036778243166,0.2990596054683463,4.381845461001401,1.6650163222590584,3.7885232582866983,2.9846994856085933,1.8977634600815307,-1.8282228976949961,0.6695371728561005,-3.151901556268213,0.7220572286431739,0.6477537665244381,1.6950915867844498,-0.36222808608058166,-1.703360345814278,0.9732418045802854,-1.867338608190905,1.427851359747019,0.8475863240199966,0.9380245455957503,2.8432499782705034,1.7162932500439982,0.06437760240743988,2.7088104877645245,0.03399813942399904,-2.05483636117089,-1.6700003848311633,-1.2734667460270959,-3.1653437375061193,1.830666973695836,-3.9152557519778433,1.1784184076387791,-1.8339827599670082,-0.83034594438367,-1.8175539759334274,1.2830724581289963,0.8158819737306875,0.2332267548216979,-2.6314595896252806,-1.4451314385210792,0.6059981056676447,0.23437030255196295,0.029134924231880355,2.212032060900852,-1.1976109456985458,1.2151878362807684,-1.5533345162301955,0.26864494856694976,-0.19584238245971036,1.9188364237209752,-1.7638724562580859,0.8515018628899579,-0.1046116990286852,-1.228469387707898,2.387272291433942,0.02473346285570663,0.34569799830677933,-1.063415845778116,-2.8143855878342747,-2.803002482406803,-0.02605995828949008,-1.2575274152185891,1.3555370255400112,0.6767273252353527,1.662522391718742,-0.8591963371472336,-1.3347781119561595,1.2906397358809363,-2.0094111721674537,1.7572446953875474,3.791929994404784,0.6181786798064639,0.9432155148587578,-0.8481000784489796,-0.6389006223739483,-0.27574489793395895,-0.7207278810582548,-0.4431498371830661,0.7341958482497557,2.0238986429383075,2.177839019662059,3.589241333468095,-0.056660019672204694,-0.8933141341742685,3.5488381301216165,1.837128303448282,2.166017759019054,3.2969934182530642,-4.757944484670021
1.8103646509394977,2.862598447682874,-0.15271053950719304,-0.898227106635009,-4.093998552158374,-2.677876423698174,-1.0684866705363871,1.7941984607507893,2.6109019964148437,-0.16186500149352792,2.395982748977973,0.33271952376960445,-0.9059950789740935,1.2543975463685084,0.3230881525739014,-1.2368406629209732,0.033846504183091125,-2.630434142548161,-1.0860011453756562,2.5902744097677344,1.1694327561658509,-2.9059822776476683,2.3446173334439107,5.07947667072731,4.4150344271084805,0.512061560579108,2.189623040421324,-0.1777534689325308,-2.4453403517885355,5.262200205403681,-2.2572913470258533,-4.709465248442039,1.68970726109168,1.5290497054828505,2.0057337144367877,2.107599466895379,0.21503517935681915,-2.637183710039842,-4.331788032744362,1.3168412966253367,-2.1748538163160887,-2.1173031633638275,-4.36060803222099,-0.3342226210400279,0.9752201098015791,-0.004130237059828082,-7.206051064854891,-3.9687900339312585,2.4653570401962837,-3.227387269138895,2.105948551858615,2.7321325944190025,-2.72127983774075,-1.2711115088108582,-0.1504558676281263,-1.0125044079211696,-0.31361875114999416,-0.15229621204422827,4.4202555573634275,-2.5250385467264063,2.475015134349396,2.720841467431558,0.9224481934894782,-1.7844155958909462,1.665921236537637,-2.3717006681150017,4.002825788497606,1.9213937251970286,1.156793284657792,0.5340800697968536,-0.17444576237239384,2.9683314475411158,-1.839224073857089,0.3667519698724585,4.623879619882471,3.677274685252008,-1.3140850515786644,0.546846072788051,0.8073861808925926,-0.39852655155541267,-0.6297861540207246,-3.4001024692596586,0.7511007844058197,3.8030438792304966,2.415522822678731,-1.0303995164588273,-3.28389796478946,1.8007561462201438,7.102223240931661,4.685941694290122,2.994127496873918,1.2246293083120046,0.07588267315015881,-1.251262802382476,1.8134081878259796,-1.5339124591235012,-1.0206242500652212,1.1213808971526698,-1.3640601781061052,1.6838184037772497,-8.834360349812586
1.7353079643928806,0.2850408735309574,-0.1847963956672345,2.0231632509759234,-0.4875403368121514,2.5997660533233247,-0.39413123810627215,-0.8581149794961875,-1.2239467411426652,-0.5319208418918707,-0.7257449475444191,0.6539751149085496,-0.007696822811097792,-0.3662855385871757,2.1350638870426546,2.0158188870908944,2.711496932455041,1.9605607125639342,2.0483623829797954,-2.9783830350456,-0.021670213984158568,-1.3006422338512327,-0.6318780110569978,-1.4002379816734292,-0.3647311266719945,0.7231793560140407,-0.381301920436543,0.5381123054065643,-0.7058362449934347,-1.6460817316267558,0.30966577246439925,1.2729652665074318,1.3822233292274764,1.6508064655776384,-0.23719477539408562,1.566572824074075,-0.5575554359209862,-0.2721471981864467,0.6459797119347193,-0.2985796841530732,0.10496860253280428,0.47001465076416465,-1.7535582276300707,1.125630558366804,-0.6687333502294458,-0.17196180030340397,1.0778124514439047,-0.9393089728468962,0.8298822794530846,-0.4090909155494572,-2.045793021508334,-0.4144456427106029,1.3142734861327297,-0.7282652873740175,-0.07620002319602319,1.6935179720318623,-0.841599642198056,2.78698483661374,-3.0088772540689357,-0.015536484748398707,-0.189474393507635,-0.021440345508420507,-1.3578993029688726,-0.5078619685689693,-0.40508643175209963,-1.5419243425432283,0.9616496667344346,-0.036472897835492735,0.10638462078895916,-0.6146597194210274,-1.9248103613685237,-2.537641096632133,0.2930696001809283,-0.614423831915174,-0.8838438249106781,-1.7096425436268652,1.132008807603915,-0.9076100223821857,-1.5410676317654277,1.01158554371363,-1.2921611074584263,0.7129085519639826,1.1942303467294964,-0.08068311030447853,0.322324149928913,-0.4553641047926706,-0.4552964979149989,-0.10698715290839919,-1.3983910581904817,-1.3219298780813253,0.9993873414634601,1.9227030003182106,1.3792951632603496,2.6988067926189294,0.3985713507793337,1.1900802118412752,1.3102897828937343,0.21856849807394127,1.8535123179569861,0.9040439269881284,-2.0927700471280763
-0.9714936458427531,-1.0202173742209384,-0.38978440075805915,0.49667391273547423,-0.35255214630122195,-0.1339806471695409,0.672372825721766,-0.5039391374088135,1.3055529769022611,-0.31146391185412825,-1.2371157744664776,1.0970462645541255,-0.14324709736631389,-1.7032799507722436,-1.8624360510977644,-1.3873996512600062,-1.0720411779497476,-1.280338674057866,-0.7233810341671723,1.0633177522261983,0.22189502073414874,0.22075246230829987,0.865571321389035,1.1968436816338681,-1.4994048120106998,0.6971567662214133,-2.039569151574731,-0.0761491999377225,-0.15928437503941245,2.4973041836997507,0.887851725294988,-0.6299176662877594,-0.3025535590533756,0.22085604006209103,0.12874691961891183,-0.9352444937157319,0.6421021506035226,-0.5805294586031676,0.811791338977617,1.6395558857525927,-1.2628006380664636,1.3832598257327184,1.9884520524896205,0.17463529786163512,-0.1238612226919294,-1.1001122228839457,-1.4622884719164997,-1.074112124247976,-1.1141218753749438,-1.8429944614790108,-0.6229130423767172,0.48316863416853795,-0.5593421248125156,2.172312698718919,-2.127119338638084,1.038393324971002,0.32235234530032975,-0.08466378725569779,2.374391389071061,0.5565136689225599,1.3033409999760375,1.586417345389186,0.39755316735088236,1.1534149867462924,-0.3593999976827999,-0.4284849158353984,-1.9782666973340564,0.13650913202515869,1.8714501893415796,0.5960468795426634,1.0974586266711954,0.723798593131403,-0.46278080331431354,-0.5824261028623996,-0.76591945014166,1.03474337536283,1.187804734509954,3.0232636505513595,-0.39898970047252197,1.0297388793023037,1.5230774412342516,-1.9823157502058997,-0.09392466474055844,0.5879365482228577,0.5309382388930384,0.5176783045418178,-2.174312278845904,-1.3840059344061026,1.78643915374802,0.45902210477153366,-0.7290977860127895,0.1745368498398222,0.7432640896774545,-0.8614582316336874,-1.2604526258464923,0.575535745143551,1.6157205483579795,0.4602749475471833,-0.5578488374695107,1.367929639844019,-0.5283854969089914
-0.5351361867447736,-0.7899135818733707,-2.2356254456860847,-0.5665349853227752,2.564515650734562,-1.0458890000561163,4.2088893403108365,2.6585917421690843,-4.624482763658556,-1.906782035362768,-5.1520025574620565,2.5409596401326087,1.901726380151144,0.010719998707302558,2.7245254985328664,0.4130479251559501,0.03980267028652357,3.25115227738621,0.442373125775224,1.3600102215456316,-0.5166863473892324,-1.7463892972158264,1.5624296038925007,0.7087538990991054,0.1257069017482548,-0.369417785182775,-6.385820924486394,0.9550435516841218,-0.7126478065662414,4.820508274322039,3.242728288699257,1.5347988737619145,2.587772912005106,-2.7030440197462986,-0.2650587094044222,-1.490606926627219,0.7485065147086705,-1.7046618277088847,-0.4062111849132545,-1.437869183284509,-6.419515914386537,6.400531584667261,1.6906615015630866,1.547472377807617,-1.8887899311268042,-2.152053586557155,-1.868333635319293,3.5930546364769356,-2.5820766323169617,0.36974626744417793,-2.2831610150370842,-4.020430839337918,0.5952333165270918,3.0717794904502655,-1.3867828320331215,1.7513079166932777,-0.9784659731810567,-2.8315881703061683,3.190324123595173,3.839019644828175,1.074456244986195,2.2112408226793256,-0.750499664120631,4.774740839652385,1.4667003526628384,2.0307078429522147,-4.344132798377887,-4.087402067353249,1.110370864035542,-0.3483569542855175,0.19163506193522267,1.1240616411451358,0.3353835326507787,0.2647564709104429,0.7400021056087621,3.950035182132312,3.0682897906632993,-0.01735010849398403,-1.107850610199098,0.7131928145708372,1.132380530733257,0.821488108248065,4.826949833283332,-1.9971448276777897,0.21816445414512606,2.0082256959039397,0.8811667754516548,-2.0465392047431736,-2.5211436832199063,-0.6826432597209349,-3.5389356659212874,-1.4595062169976623,1.3059563845224607,1.2666465552177482,-4.889400232186342,-4.202686627423059,5.852459653156983,3.607045965740765,-0.63321657251149,4.543302229879483,-0.7687888039680051
1.303926964911747,2.3470427236718994,0.25994503213167375,-4.006065769140282,-1.0966943360697043,-5.811840230741894,-0.5883471834228273,4.70655996915017,0.1189143865612658,2.643524984407871,3.8001910958405896,-1.271112843949425,-1.898881272165505,3.300617744866577,0.09906894896179295,-2.442927068998533,-1.3307417735698388,-1.026181418270226,-2.738842947106044,4.478791587502322,1.4884945552744102,-0.742927038691922,0.5566740326135857,3.7491057965726906,4.661067023294605,-4.397622537789192,2.9370526471215217,-0.8009046038948496,-1.5669104142207329,1.1386963698179953,-1.885100977174511,-3.6067168952165254,-1.039244137691489,-2.9024583048718444,0.5084213478285622,1.3835819540381398,2.521503858264507,-1.570510091492906,-5.353898191718386,-2.361023922490768,-1.8603170336811696,-4.329070151120922,-6.197923432733888,-3.082638927001793,-0.7229412740321158,1.5167387158673684,-4.504811851602741,5.189079945209998,1.4928118577523544,7.927717624487268,5.352677891354789,0.27085804097364385,-1.6988039634123377,0.43147104440719425,2.850316657650619,-3.8672323596706186,0.2070595593215755,-5.049160537684844,0.4005327404847094,-3.5601547770000863,-3.3692310072040113,0.518411677876435,2.5084386973658237,-1.6377974004405862,0.6356533776411157,1.342951542894703,5.079634203201108,3.006563446723664,-2.6688804661216885,-0.4379288939631326,-0.7805845061803929,0.359730432526913,-1.455828709285612,-1.37788068220578,6.013773680739147,4.07485275961623,-3.7581301017568864,-0.7345718566915709,3.9731381456212946,-1.3924835735917038,-3.067270432872953,3.3668678278751645,0.904919745806163,0.0003671819700272194,0.7326722650234972,-2.7137350113661793,2.6817479903903254,1.185308751796595,3.8681250212009126,3.5758833668488483,0.6077010708264277,-1.8569590518937176,-4.130010864908326,-2.0834275730103298,2.4778777032142947,-1.9942088722047766,-2.090844579224438,0.08749112880651111,-0.30354831736486954,-1.2628097922846664,0.5689080507122115
-1.696049997812683,-1.6729368467149133,0.01014653349478789,2.4883316164459837,-1.08047479910274,2.062003482938638,-0.08557116494214118,-3.1226215097791723,4.25085871112068,-0.3071531299938472,-1.599829704520939,1.689414421531378,-0.06462526273577493,-3.688534883086915,-3.8403919878128403,-1.6121416771903774,-0.8820254764064296,-2.7246362419594896,-0.7582071226642689,0.4568108261008177,-0.1643639723504623,1.538033580362211,1.0604563918951178,0.9232730870027647,-4.56924448992529,2.440139471236662,-2.6179440262423626,-0.2699124125743211,0.9356336452092765,2.1338512630329833,1.0894221572433014,-0.18246167426941,-1.148173521295632,2.385383744021391,0.020871878268008112,-0.6989082964135178,-0.09442784417755565,0.1384912540407664,3.1333754501423594,3.9557562810445757,0.95100525533183,1.0165344351458216,4.141149939938893,0.8188564746643924,0.8593586058896984,-1.581165275049714,-0.5030377996588843,-4.580414181802237,-1.5005662107263569,-5.301239672300516,-2.0583213826876468,2.35370570841636,-0.14143326223509284,2.540260580419032,-3.2415165722286616,2.241441714555765,0.7169045280726194,3.0462613031944987,2.245543125822757,0.7979786583053603,2.7917046486931065,1.9647009160621371,-0.6558184055632817,0.8209161322794819,-1.1125106135956238,-1.4582720607293116,-3.385116604322188,0.629826869541693,3.8164373033775045,0.9192577553953803,1.4762580593744465,0.04394745559587315,-0.4182111900745413,-0.4216569164491766,-3.323427085505566,-1.1617233392818382,2.2565805955525726,5.528687199694221,-2.0807860799257867,2.264961609576877,2.554798305815781,-4.691463273119012,-2.0628285448804866,1.8567737796894204,0.30741798278159493,0.3814875298331346,-4.864653533636312,-2.137447739351374,2.6672513862752254,0.07313648262292889,0.20271147575103704,1.0046302582123532,2.505813562913868,-0.8931545106383747,-0.925415757880945,3.288479992578877,0.6846372794586224,-0.06965858068057318,-0.1487612284982323,1.2667529603259602,1.6753520903606622
-0.9471228591296643,-0.018548802012641807,-0.7685429738871522,-2.355177972375789,2.9216561295577836,-2.225639158026781,2.471674726047551,3.1040777914675033,-4.599072287841928,-0.8623925253251564,-1.8973048682731228,-0.2801385582060246,1.5415231363781297,2.4154238775968544,2.037679042514349,0.8991282898393919,-1.6073839989483325,2.2611414924379734,-0.30694977975241045,1.3964174249133,-0.40577745573812074,-0.6034394436376628,-0.012737890492963533,-0.30701450564840815,2.212816037763601,-1.6859710107217114,-1.852619033169982,0.4636984994759175,-0.016222525662775406,2.0217953730937572,1.0118080884477973,1.0476048403555125,1.1019141922023785,-3.819150538185874,-0.0811366030561186,-2.002394656311396,0.6564214334356601,-0.09949424139541539,-1.588759202367441,-2.397299548921748,-2.8408966251420193,3.1746445267510106,0.6233010714545406,0.2335344036993412,-1.0088114421710568,-0.10460682070679733,-0.24844615512076243,4.263868964135957,-1.1746011890036012,2.8108376377180826,0.9772549661756094,-2.8466328749180576,0.031237822192671613,0.18270778392591186,0.8673454872944221,-1.3720491712793128,-0.46303056217424526,-3.9693705755809536,2.139709962082413,2.059493212184514,-0.32832879121204817,-1.118017476178489,0.7462553841804407,2.220733191158888,1.9901958640004205,2.4493336430083374,-2.2120756461529743,-3.3224628765599866,-1.5928706037498455,-0.25865225309220297,0.8855113467667267,2.37384475892462,0.4510668286986368,1.6602698430560192,1.8523739401608592,2.9416902426704614,-0.22151337425692097,-2.910375976362127,0.4142225783023412,-1.9263017758547487,0.36451830741737407,2.0897407907289183,2.4627163364894167,-2.5019556066048225,-0.23495345829180814,1.579562989343073,3.802753961051608,0.1098664314090667,-2.901814666706419,-0.025084158436307583,-2.803705178494289,-2.286499520368825,-1.5560066849078713,-0.692268970224666,-2.650149507833335,-4.610726338466746,1.6613472572498176,1.4873140482543792,-1.727343646992833,0.6678410812570708,1.913634513451273
-1.5694655989260027,-2.025487942554704,-1.5589885740457954,1.191107924132736,0.3576752668970396,0.3935110620272019,2.5558651492922517,-0.3387364054864288,0.6003923638552162,-1.5820412806837525,-4.4649498548027085,2.965993787666407,0.7596083952641935,-3.0979037743613476,-1.8786024591738983,-1.5227388778256952,-0.7999300321026812,-0.5194206398212334,-0.5789449115449229,1.6888983601696446,-0.20421323459974067,-0.36314487593826417,2.2881209719511535,2.0055241503871457,-3.211256519753408,1.913886299665862,-6.263018386415631,0.32745733095746704,-0.28596894840985965,5.88018595683307,2.8747429439631276,0.19946770286053428,0.8945465418670965,0.39016193046416314,-0.09818610462117866,-1.5108020794598818,0.7162444791695359,-1.426099607331299,1.8608239161272844,2.6700192355585712,-4.064216902221572,5.15036542056783,4.138330478916763,1.7964802973361,-0.8401895246147313,-2.7102496732705763,-2.411729189862516,-1.9332786340994805,-2.7129125119354964,-4.564859824727146,-3.2142970634264656,-0.5948395283199852,-0.5273800109128784,4.241490368590502,-4.216839097293815,3.1776205963184423,-0.1973364759967185,0.3751931509936891,4.8514058494245935,2.6567339640117487,3.4424058410402867,3.380760975348283,-0.8933577614135014,3.8149948729150833,0.548635037006614,-0.3358155939131783,-5.591272794094427,-1.7064191479466548,4.325125400687636,0.46658521516122253,1.4081229272299374,1.598925710015878,-0.35833896575716606,-0.8151622223754392,-1.700718170530493,2.206485319792193,3.8230524008676765,4.703091445885862,-2.6088131563265753,2.400022362024489,3.313756724402267,-3.8284162154059125,1.545676258342409,0.5218897464750774,0.9917043979444912,1.468118894451564,-4.149863548072429,-2.5346699419589918,1.559501275463411,0.1522431556547994,-2.076477327776473,-0.11952854988006928,3.0620271916727257,-0.5085552069464694,-3.5859443436015264,-0.06547134459687165,4.635083148498229,2.2717387959924005,-0.6689078438393365,4.350013620375266,-1.4114531423530932
-2.423405856609101,-0.26623523723442816,-0.9182308301440676,-0.7161517411330444,-0.24462368811738344,-2.337243117912015,1.7550915888179646,1.5609554780875663,-0.18768848528221757,-2.0854877088470243,-1.9429454455236472,0.5394732427600895,2.0404609326748644,0.2903335195039151,-1.3242185466301988,-1.2111136376641936,-2.9100916416219746,-1.3544493153832418,-1.4229889369263042,3.5273641839364296,-0.2777719353205968,-0.4581261438646766,2.825402787046005,3.0940733673687553,1.766332943845001,2.0057095767277584,-2.4467953047945312,0.15089844398745667,-0.40702642163667135,7.065128712405938,0.33157288014041464,-1.9023931773752323,1.909711326982357,-1.2661364658763623,1.640410693897066,-1.8569338339289583,-0.43124470419560135,-0.874502504510612,-0.8645339785854399,1.8872094939612993,-3.6328788527603835,3.452227364802171,3.345470737538476,1.0017563544114012,1.0867699132097246,-1.651393014750024,-4.646511265827979,-3.380181421559206,-0.8066869028913508,-6.198983703990014,0.25728409713574857,0.5527579095818062,-1.8527656953811775,0.5569323411813364,-2.8142542741841847,-0.08283611923071799,0.21232846889106025,-1.7947798635134347,7.983951219527952,1.3252713420483635,4.911683829258882,2.086586010964529,0.9477384812124311,2.2180213898820087,2.5338193903303194,-0.07186926351875444,-3.781343942426785,-2.711181942154198,2.1644417389368233,1.447298663035214,3.3212077915747913,6.146088496588295,-0.776973242051804,2.2883452431259057,1.1679946166195003,4.351643092152912,1.18320086322865,0.7970615932227493,-0.8240505352367957,-1.0709940832209413,3.286918565520528,-5.089291701375816,0.6583586505120278,1.1406717961029045,1.5196885869874854,2.942566366741355,-2.3118854512701095,0.16323568302847954,3.22001457625284,2.8093728611302673,-1.2250506068009177,-1.246376373400382,1.1968722895733475,-2.685128070564363,-3.0371960175473407,-3.6467867038695143,1.6366566368382283,1.9851636460169542,-4.188357712195751,2.840184732438825,-5.361534066304755
-0.9122519517732635,0.9060777324313773,-0.11890113792778594,-2.182187357447431,0.11413111214666517,-2.8665430882340304,0.2859217098381104,1.742703255577298,-0.7833808506541045,-0.26907212758685556,1.3806943891734882,-1.4657659228328617,0.8204392170784873,2.3713846667729515,-0.35273488611760795,-0.46150258117309684,-2.067484262507504,-0.7280594657436047,-1.4496032183456022,2.2146723505433954,-0.252985252474152,-0.13217484183220468,0.8661303257495085,1.3338288890273224,3.392420292216743,-0.312583490818733,1.5132298863061355,-0.6093992954821883,-0.3136656877841661,2.1501875489414686,-1.1152204422147267,-1.6193204362171636,0.6201247501155107,-1.7226192793827897,0.990596677431349,-1.1972247490177557,-0.4296657676858928,-0.10581294045599365,-2.299050797264311,-0.30814916773316325,-0.6344231252465613,-0.21640699678493172,0.03531681201044357,-0.2440548587216006,0.9658481358645804,0.22062199596678578,-1.8552597420432086,-0.32870476900087453,0.39235057196485457,-0.3696536769965991,2.7455523515021727,0.26393011951391465,-1.6184497828983622,-1.5189106782980288,1.0686309539880705,-2.653184098628744,0.10048484631648379,-3.061802323619525,3.272792646200061,-0.31680069868643035,1.1511049644674447,-0.5935555213288204,1.2342793991856391,-0.34555032663028523,1.616608147796531,0.9074884047681979,0.01633148055475124,-0.8880412618108501,-1.1149806575822392,0.937975734790978,1.714802944347454,3.747882194646776,-0.3421648326962809,1.886297780988081,2.275261311074064,2.1787902962471373,-1.491951690801023,-1.8262516735059098,1.4214633077576406,-2.101608344019057,0.49736141849456644,-1.1151690722762497,0.01753862236267828,0.1962561555767595,0.2916182130517739,0.6686058328130586,1.3385532507471245,1.476009593190068,1.1690081105308219,1.8909525756385546,-0.4443667044660238,-1.328283502556408,-1.5311284934351923,-2.395600745817079,-0.08943966670081441,-3.0441162502656836,-1.4011392665991307,0.19757491226596807,-2.4111407044659696,-0.64464941095697,-5.143601406443346
2.0768693369322673,0.7985770930272655,0.35084486412412275,1.1431209769525057,-1.629055899123151,1.4628395571939337,-1.328692509565114,-1.2705122506441762,1.2393340022855028,0.8406256766249538,1.3502505040116692,0.40901353625543413,-1.5270238705742083,-0.8896304717644835,0.9783935141911901,0.4213834388107264,2.8084886135499216,0.2495605578507738,1.4865658798224028,-1.8756543395308445,0.5680439429787686,-0.9359460204853355,-0.8439780519758259,-0.0239469927070525,-0.6454162729706852,-0.2563370540376367,1.1501203558100617,0.34140074017178285,-0.6367413202026175,-1.8479191971007176,-0.5562160558424948,-0.04975248233656035,0.03464416081526367,2.4123426954819274,-0.5534440723160328,2.401268987967258,-0.03807181700679271,-0.6570977257206039,-0.0583181322489999,0.10362042791268297,1.336350230079374,-1.9583158931625415,-3.108978049319969,-0.1525952830746246,-0.5284193108448368,0.3016240842824605,0.050809236724226076,-0.42297858032541885,1.3457744945438272,0.7384845126734485,-1.141701396449762,1.0717251823830607,0.7719650602008259,-0.2329205157705444,0.4172273628138953,1.4971992478212977,-0.24151131457975225,2.8065009160101884,-3.441530208739437,-1.4038756233920877,-1.3842710480854983,0.22143270191305947,-1.1006132444348307,-1.740767031645253,-1.2736053852758138,-1.8693395233270165,3.243241016550204,2.118311673689667,0.1767230588780741,-0.7429857376263183,-2.2716407930655933,-3.273318307676139,-0.23960866799446273,-1.9473476922882782,-0.036993869366412635,-2.326596344372094,0.011195222881286136,0.4936256749204218,-0.23660144165780486,1.0785590431757799,-2.030217410272125,1.1202885166078054,0.2363662342330987,1.0987725891663866,0.15760550895611783,-1.9714654639695335,-1.0331478460938142,-0.057872978293476166,0.7213444762687182,-0.40643717673080987,2.134949568791697,2.4802519405915597,0.6891209862626209,2.2780852181539886,2.136116323484841,2.7396454889083937,0.00044600316925014205,-0.7031005644287308,2.6543757142514743,-0.1901737600975355,-2.837209612946311
2.2644586037707093,2.6052600499589986,0.21602480006050945,1.1026787350818248,-3.7739230495064153,0.8637360747343893,-2.0886556065651143,-0.3777923228550028,2.601615782282088,-0.5689329433586532,1.7190635265380076,0.06355091165098817,-0.995091623227431,0.1417988605265757,1.4707126771332004,0.6013649136108036,2.681725081293812,-1.2454938112924117,1.1663807442734533,-1.0996272792596335,1.0397166184765938,-2.6540863652739093,0.8880380669982104,2.341445945097525,2.6712806399593987,2.0514790605583926,2.753654388104649,0.08355695892085391,-2.3422242829696107,1.6003144297364689,-1.971899129807604,-2.60653943984886,1.9786586319973345,3.8833573108845227,1.5988947359137133,2.9605414863599866,-0.9650143922545986,-1.5757965848907416,-1.7596219143930811,1.90718846722587,0.06477298885526493,-2.4290421522486048,-3.901029988942009,0.5683163152385782,0.9599247508651957,-0.1913727801507272,-3.784197279029245,-5.697919065514322,2.6342511537579236,-4.818588914582972,-0.4260014733530458,2.8739948357814384,-0.5929037388953322,-2.4555707878974813,-0.12896852017663063,0.8935208930761622,-0.7896092927258831,3.5566568259475035,0.8748877435998197,-2.573838828957402,2.076820061744947,1.5053895915230644,-0.819225713731467,-2.6822784814620366,0.1470440043407362,-3.7079473365025684,4.562615973467604,1.9863749365994077,1.070347288903831,0.048618812787361756,-1.4147259805263461,0.10860278735356844,-1.109393608014357,0.2936924620439554,1.6540947161204198,0.1370215381597648,-0.05180346413354536,-0.36898937085551475,-1.0554441206152592,0.5775881013421886,-0.9848990193327278,-2.992486538223762,-0.009926420360853325,3.443604494694395,2.183546016399118,-1.0309754600286387,-3.542222599608563,1.9744714033868085,4.560071054219167,2.19331515135948,4.213561772985056,3.477286187562417,1.9667972058633036,1.2669886745717247,2.841214606026936,1.0170901065836113,-0.7370998473814776,-0.21761474792663305,0.19995860383340913,1.1495568195871972,-11.21359886393326
2.4858369850156525,0.18561965066824912,0.163246711571251,2.7236004219837664,-2.7579536326681637,2.7659059417424103,-1.6985904514779728,-2.7893996917875166,4.1956654377917975,2.173544804597125,0.48178231301731356,2.331912103052044,-3.261375611840593,-3.759862361819966,-1.7349418088531066,-1.6870030518992167,3.072301911744356,-1.2767283547795898,0.531236863178008,-1.1986785543336533,1.5422487340524698,0.1694286240551094,-0.4105437517104967,1.019183911797763,-4.2088439643851085,-0.7609591640107203,-0.39152886482441734,-0.06807180920991857,-0.8302751420840178,-1.9257187286984845,0.4965557213384796,-0.19600955742216958,-1.9668519687380108,4.572365127550348,-1.122158678707205,2.855326550466324,1.5891542879980383,-1.1276238603575732,1.5049737129043808,1.5769319769288195,1.7467450132659454,-2.7547311941576944,-2.4974398680821137,-0.7457119611349139,-1.3280054421924878,-0.5152543618237653,-0.541035997323848,-1.071657495412704,0.7320692443170131,1.5070509998302348,-2.645692654014338,1.654013824694243,0.514107062124366,3.1352682871425586,-1.668085624275119,3.5006252910154156,-0.20492170282282213,4.5716189574710855,-4.331317741407886,-1.8119659703784328,-2.287489148945599,2.2037732604342026,-1.8342537561277599,-0.9801315931817882,-3.4112021953547154,-2.2461459252581335,3.0479128434655194,4.451910849436144,2.6473780964579787,-0.8491228112721615,-2.7395207782396946,-6.054705068986224,-0.9388611764194681,-5.038884248921163,-1.7730594353480709,-2.8909962195584398,1.3772751328456427,5.640611512909469,-0.7025013630425446,3.607049388095227,-2.2872767560132963,0.5874977202456911,-0.43884874873459334,2.1853768386445123,0.40374971324374354,-3.55661468068412,-4.375581690452994,-2.0706625377295036,2.9334340639985577,-0.6019852794017002,2.579749749541684,2.6381739712318577,1.7532735722672237,2.1105725775167534,2.8375207658596753,6.432389553612414,0.8461800014001454,-0.7932734460982683,4.896600322186904,0.7659397554981485,1.766336812196574
0.5092139934426411,0.6108782141588666,0.39493711989218844,1.193292619783036,-0.8756525313985062,2.3005123329833195,-1.06716590073039,-1.4772284965843085,-0.08581340224525388,-1.1264631702840098,0.5949157406435912,-0.9427512088471509,0.7923532087284024,0.7667007142248984,1.928545355163796,1.9739277001720954,1.60404205269313,0.7293593460844673,1.5934695308588227,-2.8250582786143688,-0.46597686992102433,-1.0977492410354728,-0.831231430530697,-1.4196949184086023,1.100448882431127,2.082261009856758,2.12225486262761,0.3952426877194877,-0.054144126994723166,-1.7651843209150746,-1.0613111369360715,0.5026852007360272,1.4518927818163223,1.6591869386279707,0.3225355421847224,0.8413758412810403,-2.2258824253267715,0.5086244439083791,0.4355084655361894,0.1972859216628367,1.9728017654242906,-0.3533213183014807,-0.7506425830605521,0.8303357386459919,0.8361798999409273,0.7452821022274296,1.4628371638668118,-3.666351529237258,1.5582752071568997,-3.6144149114998205,-0.8292453313057583,0.7393022422207074,0.7187231890091644,-3.543637613971258,0.6580054256974731,0.20868251802217797,-0.4745679932467026,2.6633603189147057,-1.1183823375429724,-0.08943231755535894,1.360423830279566,-1.519142003012514,-0.6514345049843844,-1.482757820101682,0.45915724235594435,-1.5219319410700896,1.3609475559993724,-0.6222141944288393,-0.48977071767065594,-0.08006361588012745,-0.47156567895443324,0.07200637560223486,0.693986005476233,1.7252210933056722,-0.6885835829081404,-2.209143777506432,-0.3652317945221787,-2.598024817709499,-1.0139858821501917,-0.450808414815669,-0.10050572180055874,-0.9813398695531871,-0.5288929466224944,0.6235986148759866,-0.01595545141824109,0.8661156846727998,-0.18349262190654594,1.8836487605483436,-0.918783873499448,-0.6884693806717138,1.8768983499665561,1.8491976225807687,0.944648688670283,1.5457910816789624,1.1123129228371502,0.06693611841298946,-1.0354485424892084,-0.7434455745874061,0.23530292135561212,-1.0123390608311587,-5.996621416288199
-1.2854340295762685,-0.03414846389469555,-0.9161352094729158,-3.21671663958937,4.01967275767669,-2.5030369664918983,2.7156602869103716,4.063347824846155,-6.421950649419662,-1.5888362871434607,-1.630258337955112,-1.6210915619019135,3.083603303037779,4.164575930478736,3.157191504590693,1.8287639702978917,-1.7225568460140048,3.3782198301662705,-0.08641456353570615,0.950492648941655,-1.2874022336630426,-0.5745958242327177,0.03511020015954892,-1.713093372251313,4.3619398336052555,-0.9050195418261215,-0.951622882019535,0.19301919565650227,0.4774900791952478,1.0011393052241013,0.8673193025388326,1.5330383146044981,2.473784700283469,-5.542848157859109,0.3415310271299068,-2.340797757683359,-1.00201634377568,0.66938643980789,-2.0546559937683218,-3.7483814316166684,-3.0138471399523663,3.4574327382233334,1.282403366859335,0.6050848991493942,-0.21814257514053498,0.12034642826628653,1.206994652476577,4.772966656272303,-1.0990057849500299,2.061930491663018,1.6913703641782214,-3.814467920537994,0.07956936657767913,-1.96316937903039,2.185282770553707,-3.1433929895959962,-0.4595113948817674,-5.4827286454567865,2.3701925745555785,2.4074607059029205,-0.15276057430232795,-2.077659802016408,1.0737457577812113,2.064526027206703,2.5841842111140356,3.3236336261213286,-2.6898662082366944,-4.445913716084813,-3.2994405765527848,0.2706168323278407,1.459613665220217,3.7716861656579033,1.0111108361428902,3.710529441431309,2.340785199411862,3.1155548571110536,-0.5800050851949807,-6.23110914596702,0.8916545044873895,-3.2649793799849265,0.7879432918052458,2.5830670179651984,2.5982237780272914,-3.050277242448389,-0.678747236501225,2.8880651963947983,5.794585491392582,1.1579513214666382,-5.129834323168534,-0.3122888455098571,-3.6697208635141676,-2.9451344838420925,-1.7211185342635509,-0.4596966711765046,-3.361580185155469,-7.041767087079625,0.9896976824515519,1.4789431683695184,-3.224778979534878,0.220005324992008,-0.8685354760766176
2.8445738938842284,0.031334916254138145,-0.6270486693333819,1.207130228110054,-1.0047842487068703,1.1037801133046448,0.7566237898589083,0.39605561971814585,0.9013281233475192,1.5763558067906156,-1.3250414439791678,2.8525904784998093,-2.143454385732369,-2.4204377411723885,0.714003797887,-0.945246798243073,2.6733701629038693,0.8287363926012452,0.5938658832396598,-0.0500096779524393,1.4260697924754042,-1.0501702636049217,0.23023785972628397,1.458425031602254,-2.7377588881050117,-1.828926755356135,-2.7850670689978814,0.4255165043844848,-1.4846292576212001,0.522812530701465,1.7285496495813457,0.11576250051226711,-0.44780914835565416,2.544934191494984,-1.2627016987722883,2.310863621869558,2.2888390148460744,-1.9514395569033505,-0.12346320398598601,-0.0652602394004757,-2.0758669357791546,0.19641914504148186,-3.555686625313116,-0.17717881905128302,-2.5678844970086847,-0.8226183993383517,-1.630521130948702,2.740261760632238,-0.33739363527691,3.860986995577503,-2.8095074642396582,-0.5730451118526317,0.667685729405805,4.112605992233642,-0.9928568293856513,3.3799352406863408,-0.38566882480131537,1.899373462394652,-3.1906758708504976,-0.6225002213517628,-2.5596358119908027,2.7516534608368146,-1.4674256199492672,0.5833455854328853,-2.049589222727421,-0.9352899488582591,2.0177846538533717,2.573714145577985,1.9917118476617721,-0.946207107619939,-3.278995087234392,-5.241059800834996,-0.8019092841301363,-4.6521319696056915,-0.1389042917571624,-0.4441777589437114,1.9863938304829685,4.335908933717839,-0.47392270134732034,3.3237027862342354,-2.431832511555157,3.052673981357679,2.33409900771174,0.4840358041468924,0.45470230504348225,-2.7685874775348296,-2.1597113160945334,-2.532439602707018,1.0708157064927668,-0.6525354231026723,0.6905264275458447,1.2834441965939887,1.4046868022538905,3.051921739735297,0.7909860245827279,3.2948084471886436,3.3818863081744754,0.9471355227619557,4.496668073611717,2.9031018810142135,1.4937748273885905
-1.140639792513824,-0.5422847482816423,0.5160979329769748,-0.5128654052423391,0.2632819571045622,-0.9211201873259499,-1.157482762802832,-0.5992240716161182,1.3820149155167663,0.7358361225796564,1.4386543910221237,-1.204374144138604,-0.17240839153446422,0.11379740278270385,-1.858145065188698,-0.8872781685093408,-1.5716271040021164,-1.4439303935870653,-1.1783459048426839,0.8863379667505022,0.04010094473767452,1.7359207001533061,-0.3912145457551234,-0.38251550674226753,-0.6939538411314234,-0.443361185546133,1.5077056945188272,-0.6132176069514413,0.6507445267595984,-1.4651022856642888,-1.0232649137274186,-0.9091008764480906,-1.6042770724288986,-0.2829803072626378,0.20371899918451436,-0.9492294147954702,0.12500815136561494,0.8312038092948891,0.19649077671856768,0.12000765332789562,1.9231537334001538,-1.7026247608567484,0.9207412241015842,-0.87998966427495,0.7436706399729792,0.6916224288523606,0.789904745974715,-0.057472725075704056,-0.2722597722427885,1.020489288747513,1.5112307890876542,0.5407255865038598,-0.3620027337700808,-0.31570725763944824,0.7076419122114871,-1.4271057422400106,0.8534801231580943,-0.46974348240608654,-0.22668102652253186,-0.6107045154528091,-0.47416256440989046,-0.9579911959197116,1.0172286718403472,-1.003755626034859,-0.17356191211502964,0.5576726299638475,-0.0675356144178573,0.9130892626936912,-0.5639642184567204,0.34414734467765923,1.1030576446345537,0.6567568024099338,0.19672298550992273,0.2646959572921052,-0.3685420911709819,-0.463789122377792,-1.4151731334590596,0.12253821518889718,1.074653066434345,-0.6870763225520813,0.1336914625385576,-0.11486988250858578,-1.7834757496759042,-0.3589673746225359,-0.37513762917420057,-0.5212628742075649,0.46218924676946394,0.4836145929847676,0.37243327390811404,0.18040682961725724,0.02885321436519875,-1.1411291390164529,-1.3795576452799008,-1.7427927325381716,0.9200850492910132,0.5740318565795417,-2.2566658356278975,-1.2102921328807614,-0.7602337768952825,-1.8471900026651118,3.4371175017536033
-2.655408824529187,-0.03285997250393231,1.2172635376604475,0.489946374073629,-2.8700710919478247,-0.5064337111960936,-2.857978297866953,-2.851999780882997,5.140586640544809,-0.8498576428961006,3.027804940577609,-2.384265943290638,0.5651040275942144,-0.1322164992122173,-4.112656716371055,-1.4455074218418713,-3.2285647261068373,-5.212281677570683,-1.2019226997403292,1.053765494983151,-0.6396818415378015,1.880978342756497,1.1143609766062936,1.5438429940043559,0.5986911447625445,3.6797533009313277,4.361684321644756,-1.1870848347270264,0.999205499960488,1.1627537312073393,-2.989050182524407,-3.365864361131526,-1.0252607897952029,1.4968684461789223,1.671381209348163,-1.1533606862521502,-2.2465135188059,1.6599728444073782,1.1256861365038604,4.186838442972791,3.928419264599646,-2.8321302927463465,3.7130419662345755,-0.3138856671586,3.740265646634992,0.4904537475399642,-1.3971269989907396,-8.678324384521657,1.3297706387480503,-8.561546394829792,2.37735959225595,5.1856026281201775,-2.0049087039287863,-3.297602515808797,-1.3542116401425852,-1.7550525391073664,1.2294375141819416,1.7793452554287599,4.852577167794201,-1.5088298747010085,4.847976386191166,-0.7601290809625099,1.4378009433901304,-2.430892956549615,1.1057842283347483,-2.137050157206469,-0.6408672533746557,0.1284835814994903,1.318374501976082,1.3999964674935899,3.7358768598025387,5.057673596001063,-0.7535789005047528,3.542259110393365,-1.2782822891802557,-0.7059977590814792,-1.9666263956082304,0.8748680922771648,0.20947515682312978,-1.8976847218791155,3.159650098920012,-7.176953551737345,-5.002809089673076,3.0430535782536987,0.7600951747949736,1.6471946829782051,-3.847983922398254,1.946668405592896,4.887521222914696,2.728939257435593,2.2828339981060766,0.6036096342131637,0.1342094826488143,-4.013778222440844,1.4210513263772508,0.9917024125708441,-4.948658321277178,-1.9062176427726163,-4.130632053793103,-2.651406849876633,-3.7462010765105234
1.0654499941609936,0.3559550173044226,0.031214770087404267,2.7266003655142406,-1.098362771069137,3.5509464705453144,-0.8739282433736394,-2.542712454133292,0.7009894528759061,-1.289493786497572,-0.4780663983929291,0.49784539169639264,0.41001477216911014,-1.1695363268692305,1.5581743160341253,1.5777464132319026,2.7158320170902006,0.8891991601831782,2.1233749967300266,-3.397679710753413,-0.1578231017209891,-0.9232092545018622,-0.5589693014202938,-1.564148040917824,-0.6359023842461076,2.578828585357564,0.602587048794429,0.4837579930798566,-0.23019564862274586,-1.6176483685193315,-0.22250791076679727,1.0305461978463342,0.9242978221633913,2.8983063848774893,0.12576332221855652,1.1765276642124267,-1.6461888941019736,0.05429517945177356,1.818344543094386,1.439647093720993,1.274916888720631,0.418267537325717,-0.13449277454146769,1.4756722452016406,0.11106353017355902,0.03957035855342475,1.445645694591365,-4.090341998219108,0.6144934667368613,-4.274823015408281,-2.485611472948766,0.9570709156580302,1.2768546906664828,-1.6086055481028656,-0.7342007302673448,2.4413140993335487,-0.6413264108939608,4.2121255495627175,-1.9313644095124618,-0.011374726298038722,0.9435050888148243,-0.24521369281782374,-1.8890300008862806,-0.6409850210737094,-0.5961482566327951,-2.1417034049089323,0.6747389739107084,-0.25524442061152824,0.9518925637812098,0.07866541963177334,-1.2196517983712079,-2.022868095810396,0.5683036506100045,0.3766715848748289,-1.703390560884433,-2.683921973813977,1.472956743363857,-0.380894484175163,-2.2268040843101153,1.0202161183407477,-0.0047168868568678995,-1.396938228649112,-0.2568802138655746,0.9762132596771725,0.14290802247688417,0.3949725648690856,-1.6900229680805867,0.4500727154630116,-0.6475533688556127,-1.3732037272417017,1.9836769907245284,2.870495546102666,2.1973279617673294,2.535654041823553,0.902467476667479,2.0215769118722093,0.7154403807498326,-0.16857887366087582,1.2764592282748564,0.4928750815633943,-3.071017692152111
-2.0152154895501955,-1.1504302818300365,-0.3113387316964672,-1.4398320737569168,0.8008743878631864,-2.8246330815712577,1.0974595090921235,1.0689954120802885,0.6075121440779612,0.4944840310707195,-0.5245691918857484,0.46236851952753666,0.03713827699000108,-0.4981543687729238,-2.730957380268909,-2.403806805061267,-3.194591598397219,-1.7881571380780599,-2.1796930775703593,3.826370229330338,0.23000177285042486,1.4271213551597615,1.062614922471026,2.0817111915386053,-0.7746104411086586,-1.118618705533349,-1.620890978239437,-0.6673042397212423,0.7638630563046324,3.230994428507708,0.696334950903422,-0.9643047881896655,-1.0182410400258877,-1.737389435417988,-0.09345016698485072,-1.717507528169609,1.3447648650886148,-0.25293019541164197,-0.2302850764602563,0.7037715717144385,-1.6729427868580034,1.0776930236172149,2.5878399419065508,-0.7310098153568209,0.02589183637497741,-0.719406060548287,-1.7126934395751927,1.5293819342841068,-1.4046060548039048,0.9926499110779641,1.1474228112256932,-0.25103160207006986,-1.2175533072664229,2.800667995156622,-0.9674111507431452,-0.6835844379565277,0.9183575157416523,-2.8092353428021517,3.409219195834539,0.7104467120898369,0.35557602141326294,1.1341111464059899,1.7957852317318719,1.589877138159663,0.5450056907841115,1.6135842191328023,-2.759750077622438,-0.3940208987615102,1.0998730595786526,0.812360746982254,2.141595619682417,2.305631368634247,-0.5926561322741516,0.15246504218201237,0.4120280322678617,2.1590033709215968,0.3214004569351497,2.5470638248556083,0.8513550609198263,-0.06116980880670089,1.693972111164552,-1.0938931104024736,-0.5260957313236468,-0.5406913694198363,0.0333275084630213,0.8359223530489217,-0.42989985887166404,-1.2845489135611672,1.93798391193621,1.1476800631282102,-2.0461213706210444,-2.2604995590476973,-1.0408454110489018,-3.245798271050028,-1.6997579549967932,-0.9982083265697229,0.22746350695052853,0.7877448806669065,-1.5235097799631587,0.6395157448013471,3.39196835436995
0.30114398003170273,-0.5232331013940058,0.48705125258980586,1.0825216085698353,0.9587030723922387,2.5010790166437307,-0.7200938398907406,-1.8185054099943039,-0.531645184159802,0.21156556669117324,0.3921362904647113,-0.8716814519114628,0.030669635964749198,-0.3187442824906282,0.7420724446841824,1.5543253173795186,1.2267495132634763,0.8556227702003408,1.3458493179758926,-2.9246560795455823,-0.652903558935682,0.8202822066377663,-1.8481655854442196,-3.140125698908937,-1.275685448580571,0.6002602200545049,1.04734302089629,0.1106167671969631,1.0206529020917539,-4.413574438843792,-0.3930224478360635,1.7975453449759624,-0.6621688991107445,0.4555288314001299,-0.780476066510815,0.32514609060889726,-1.2451803307809026,1.4750830011212963,2.196829347194954,-0.6571717539614678,2.7493523554229227,-0.6827581837939116,0.5192695651956829,0.48120104247190076,0.07095173239614111,0.6908731990772781,3.8621335894723163,0.09343461252385961,-0.048983864708510266,0.46859102913502787,-1.0202704777166425,-0.17757884902959917,1.423233274133656,-1.3808099296698024,0.7356617612444187,0.36009888679849084,-0.2739466016043554,1.7823319331834737,-3.4546593431033727,0.39077675407793555,-1.2957646998351953,-1.6486384177052384,-0.7986140053576266,-0.64464176132667,-1.2430879366153158,0.027204898891827756,-0.07208203857507572,-0.19178395438662768,-1.0888544956557535,-0.4101494718122729,-0.5769578470779471,-2.212378501200149,1.0451740401886078,0.30533435627247224,-2.2269341161477088,-3.4182353198279816,-0.1387407348157268,-1.533157877930317,-0.19647999583746187,-0.05411490466042551,-0.6705021839872599,1.4378300253827212,-0.937656817837598,-1.02296062404548,-1.145545831330304,-0.05413843144234468,1.5852476753438947,0.18354488671038705,-3.468960397545896,-2.2007272550168095,-0.22523594593796709,0.43681752635046106,-0.18048879108800803,1.6504052552810444,0.5414487386436069,1.462000110487492,-0.9830597985986047,-1.3387715987804978,1.2599195717244756,-1.8880691693178147,4.467245929520157
-1.8202096899594302,-1.51696260325491,-1.2394632068215308,-3.8212139323351315,5.50918957762651,-3.1993661264858493,3.614201320491831,4.311331744835666,-6.5721186326478565,0.07581550197626215,-2.6397815175942436,-0.3842089855273779,2.2868241052839258,2.723671311096509,1.5592855686551543,0.18702935944258017,-2.3106530679932833,3.698809659252582,-1.1807431402233113,2.0487229397448767,-0.8607333587668641,1.0748574524775567,-0.7578744595508042,-2.1359277962039256,1.3085855412673721,-3.496139121143139,-3.4762725044143092,0.14739011881444675,1.2817382770614627,0.11190182071499966,2.436492195532369,2.7897933150898058,-0.2262045113692721,-6.460626664790102,-1.309397121673931,-3.3415147178319775,1.2262608700702526,0.6071249408489832,-1.2942421793729033,-4.433568846953573,-3.6608149065859785,3.991698362621319,1.9844409421283078,-0.48878989625572766,-1.8117062675879905,-0.5173440191581404,2.3161250733063143,9.264047927416085,-2.804918208528192,7.600643445651714,1.3636875706276723,-5.228392877697109,0.6670783369876381,2.17320598771307,1.7718463321877793,-2.2121176967643352,-0.27669804170130546,-6.770499951135642,0.39628339940270013,3.453935874400761,-3.035070165009738,-1.4600190197956644,1.2852515407267981,3.7425185966177463,1.6479606657670305,5.307706426616357,-4.325420061375511,-3.9930538164088802,-3.219994445320213,-0.12668833301215854,0.9359228231762714,1.3919989565874542,1.0375731799082153,0.8081255359644,1.4503280318036749,3.366450543626053,0.19037195696372572,-2.9932819381588374,1.4717687554811512,-1.6255114801775554,0.08653501654658935,5.225734171926448,2.979976532317109,-5.060901117537341,-1.8410350447527355,1.4480051240288787,6.971994030216484,-1.1028369345400075,-6.00670514019232,-1.8130587922313266,-5.191584979903461,-4.819012084366611,-3.0139578650979084,-0.8355785144608794,-3.909357929376322,-5.208989060719376,2.1969928341530984,1.519875625190437,-1.550344715283911,0.3578885198342022,7.184579874399166
1.5815025383610668,-0.13998635224153205,-1.4490594965472,0.6094514587280784,4.587278727924512,4.115408342361437,3.229148105641782,1.1469934653846305,-9.804793577626631,-2.9420102964973442,-4.855365607052902,0.4627951550682501,3.3900161957242925,2.4495765116788055,8.286301652268161,6.142577352583124,3.9850386108420377,7.981019243097085,4.801873861217486,-5.769735889360425,-2.000447791421325,-3.0597118039547846,-1.8323069786117043,-5.541844868706204,1.8063741677872625,0.9447653416309412,-3.4135269217281583,1.9648810073789842,0.17140580015408147,-2.9556363703493793,2.772260459701348,5.867834259805122,4.5394047799390576,-1.718916876559896,-1.1236660357514665,-0.5238832313137285,-2.5032113756981325,0.7020220514858624,1.037488359571949,-4.734887075626485,-3.0254483710790754,6.590532665050263,0.13898198654840482,3.2791095195780713,-2.0775361926374276,-0.3921176020039501,5.398471956501666,4.032218813109958,-0.8762340104586889,0.7840425895563727,-4.330119546960076,-5.774163758343875,3.397961566399556,-2.646923150638856,1.6621972774694194,1.982057912906122,-2.2738542710324467,0.11616863093416187,-4.386038120462557,4.218511463212331,-1.0526151061119804,-2.560015868495417,-2.786727629207094,2.806607809964068,0.8915418274327627,1.5558008703182096,-2.6741325260731426,-6.2283753782983124,-2.3941450464044256,-1.3687781262087015,-2.6596937221168897,-2.237510170855568,2.4425873240230085,2.3398369155618326,-0.8963395282779753,-1.7620870796195462,2.85243817526298,-7.580509558092465,-2.7299788122330764,-0.4297776761829758,-1.1359175778686603,5.257204815380632,5.707473272799031,-4.227101290462034,-1.6048754341561269,2.4377719105350426,6.029506655945808,0.21788743016636752,-10.866963922254877,-4.8531892054810335,-2.7113522603446416,0.1373228026535701,1.9414754170934598,6.153559277114572,-3.686866783229357,-4.573503396194755,5.213701576897493,1.8559003248610824,1.1303539080211649,2.228733301417499,-0.2715874581038933
-0.02518539761046787,0.1120625224550118,-0.8809687079527292,3.5264973879900565,-1.8235553527844055,3.819771784166113,-0.0036907654277609225,-2.7013232983597324,1.1619075543412856,-2.8774862824000635,-2.9188585379715413,1.879681894477753,1.4639243787130218,-2.280273041716106,0.8147263961105975,1.653244138050843,1.9463330029409782,0.0598344374765431,2.2701877173761336,-2.2573660892541794,-0.5496796663533967,-2.2709210842933394,1.9385066541392764,0.327842880161869,-0.5831115061213361,4.849352986408543,-2.1601850475333335,0.9726913719492534,-0.9044845602044813,3.631886140978872,0.284706379198406,-4.303647587046433e-05,2.9871259662851575,3.8443115392252682,1.1668027090721071,1.0102342065123,-2.1254145994579146,-1.0057084614298966,2.0830029950297533,3.4119093768869972,-1.2355372739496364,3.0381006711090697,2.2941595120992826,3.264885205688414,0.5870458141256711,-1.6554013641912293,-1.4990795788106126,-8.054532234767647,-0.05375348688055401,-10.554095935498799,-3.8562819679359084,1.3081604649233813,0.0673516380874281,-1.4621127101442037,-3.019586679383503,3.5592038562408015,-1.0237546214765039,4.746516861198902,3.3669937403537373,1.2498687888075029,5.325880652176893,2.155667790382846,-2.077763786998534,0.5842956162748307,0.2712505437430499,-3.520524749029261,-2.30579598923355,-2.3845535151193493,3.5515638648549004,0.41709367666804614,0.36680576659736086,1.8017865537195916,-0.10231519996801358,1.4727570134401942,-1.9546065031233733,-0.48726777864582915,3.461566865283759,1.056137274636376,-3.6456177761292587,1.7935718885686074,2.5356668866938152,-5.935811731956917,0.9140403941575244,2.3415426982097634,1.6494099599981626,1.8754426945316838,-5.2896652374170126,0.20072045715266099,1.6497276479683176,0.1748359055806914,1.6505316361766014,3.175382735130203,4.896764056639909,1.754300316595592,-1.2218010123282186,0.26662982802431406,2.8551028766015527,1.1703532137728012,-0.6508545757581132,3.50870362598212,-8.508502594857065
0.06549579568685858,1.2238439095643383,-0.2691776956796688,-1.2499822332721002,-2.187469044945227,-2.8950712888583245,0.16984067108338452,1.7757133167187293,2.1553221412540733,0.2908794043997681,1.0354904225951764,0.7605380262734993,-0.7362574551778522,0.29171770149208254,-1.537788118620301,-2.019657233034072,-1.4566011291198036,-2.2273361305377453,-1.778259454590738,3.725140962344372,0.8041114558268037,-0.9965472130545416,2.327238899183572,4.055232880316159,2.2121419537562175,-0.0412769208551996,0.39766916621427784,-0.3269038217164038,-1.436188426642445,4.898393612865134,-0.8022697267813099,-3.4997282762085082,0.6867748667625106,0.18777183835732192,1.1696289434314913,0.7653732144667202,0.9798780894774599,-1.9737395693857123,-2.695530914152046,1.7843775871926493,-1.996013821953492,-0.6628831458461406,-1.1122424787175964,-0.39174424561459564,0.5421353221956258,-0.5065025876652952,-5.401080858566642,-1.689562831065576,0.5604521321850764,-1.5963608318909883,1.9215959398668374,1.6955056620646844,-2.250026220535384,0.8989556066774589,-1.0913078814579689,-0.9869481414510312,0.41794481547861717,-1.514265578564206,4.625381777393943,-1.468378184360222,2.120870726196861,2.59334522364734,0.9589063258115029,-0.3866523763088018,1.0226139773415344,-0.8291255301796292,1.2200587179768825,1.2859695840213627,1.3633160894602714,0.6692455519672358,0.9373107374102031,2.871914039607586,-1.654206914820251,0.32382088673999115,2.631255859421686,3.5763153540390484,-0.5017141456329659,1.9537174148782062,0.7816003013665128,-0.1545084910793123,0.454897818265405,-2.763506438819304,-0.062057585078500344,2.454622971990964,1.7739815062217312,-0.2670790141596065,-2.9470630620020746,0.25261027448670714,5.800020899106912,4.062488724312949,1.163723375782952,0.1532024696042483,-0.02813905361709254,-2.3086977559626782,0.6405057427185956,-1.2862257353670365,-0.3375317054762376,0.7249038113077679,-1.5863506295661858,1.5948002527406453,-5.734993647476115
-1.1145780246733312,-0.04587422407713005,1.3584090841280658,0.9549888214249077,-2.112223122280277,0.8419422303774524,-3.1107520071888244,-3.3325077917390136,4.389818478285647,0.4329353217956514,2.8637839064687904,-2.0117479723959084,-0.25584517256808825,-0.9754928321252347,-3.0010370428701085,-0.5741521776004866,-0.9821563865543124,-3.3183287838630835,-0.45855761284047397,-0.7955917559803369,-0.2681598847323752,1.7898058167092168,-0.8045339445409253,-0.28606821929973103,-0.7745621867804436,1.9731135148535994,4.1302816705582055,-0.8502797705496208,0.7854267790916318,-2.8311529748303346,-2.4756653794978045,-1.420386570606908,-2.0262687061032025,2.044103412474139,0.8698736469852362,0.07886400476223915,-1.4807238764378934,1.5039308384395724,1.741685844677961,2.5499472200615667,5.14218098378991,-3.488947757362824,1.2732351184358575,-1.0839387659145865,2.3203741452389166,1.2829292746519654,1.4475587212563963,-5.510659475025576,1.0924507856631211,-4.073943043995953,1.132256015502296,3.686757220228593,-0.5582347425013071,-2.555612212905751,-0.10064834373987598,-0.9774893082104088,0.9585618303370189,2.652382722443078,-0.08995129091221615,-1.872879657917484,1.2550596573329273,-1.6874582410382064,0.6326781940635263,-2.5957014912402805,-0.9867924361290943,-1.6080692811279773,0.9635247643654751,1.7011176196375932,0.2720486974909571,0.6544835888894832,1.479306020201433,1.1188784695200338,0.11248618310052852,1.4532984382847844,-1.8042684350745952,-2.933324795555517,-1.8279906091592417,0.5089683088789726,0.21536098858165492,-0.5409071591912622,1.0093931736744362,-3.367473281343732,-4.717314759604204,1.9189768213717024,-0.3976241234088118,-0.1119994244447295,-2.075991913517899,1.4684047001428737,2.5817745318965795,0.5823126685325558,2.5740001732545608,1.0767133912473181,-0.19313862020949266,-1.748429516352494,2.316924004310924,2.771062160385365,-4.3763461063913605,-2.466460370780062,-0.9370085592224464,-3.3935841918665184,0.16142722054566055
-1.7675841957633953,-0.570775390987347,-0.44662688642450016,-1.071318364500741,-1.3172463408832036,-3.759020340301305,0.3582932331548297,0.6579241436454035,4.295961576826043,1.4525095297242399,0.1613455245651573,1.2815658480162082,-1.0990981904323311,-2.114657297941407,-5.330348092955657,-4.724253298632899,-3.671915896579706,-3.874845926471313,-3.9582317821362905,5.6937473172,0.8728087613480415,1.5473260288556123,2.1937012724757317,4.379568022775291,-2.086146573105318,-1.7838286288045038,-2.1548994473777077,-1.0092694923176209,-0.349678541803357,5.34558824412221,0.5074260977258863,-3.2033915760094507,-2.228600731748937,-0.6010228023656523,0.43723013416117296,-0.6456975078260663,2.7927659389937336,-1.0949207483099281,-0.3987336291662272,2.677223599343861,-1.6121246935155917,-0.36338064661141356,1.5641761818414255,-1.4277545553619737,-0.21148584924116287,-1.1793153386655997,-5.000958076119074,-0.2075599603997388,-1.3371447999220558,0.32970037651359907,1.543854994460887,1.7673786812009957,-2.302346423832968,4.66362303607435,-2.494967914264961,-0.1807277871717045,1.4564498496881706,-2.3694816582798923,4.9233047199739515,-0.6559367342385619,1.0876782879595028,3.3118959394063032,1.4207112400020887,1.040736862910458,-0.13584896640548086,0.11748355569965235,-1.5673137416561607,2.341113032226318,2.5511049226826,0.800363946202729,2.0619434508445993,2.141174545799732,-1.8027423042474624,-2.107945240505497,0.5174113176502331,3.2960266407640946,0.1764856573661847,6.55848468942855,1.0232230936557283,1.3556694902397317,1.8235496321463731,-3.2202172345893603,-1.1250685546771397,1.596689642686969,0.8934951678219649,-0.7226467281690148,-3.889272687670116,-1.82047930921325,6.340775175289986,2.7663135197280337,-0.9035350057730471,-1.8253098316548972,-0.6866925955950897,-4.168606003060267,-0.6836019773328222,1.2352241163805309,0.29918564550042037,0.6343005319062691,-1.234906132189295,1.330113797529119,3.2402235490959335
-0.847338472728423,-0.2316013930200116,0.29261221225830064,2.156023352563727,-2.738721453781411,1.6831752825400634,-1.6145526954161527,-3.166895176655627,4.348900966707222,-0.9293035687144848,0.9877529663149438,0.12951531057636917,0.09065101484796768,-1.6541003394200746,-2.5164619195952764,-0.7337987830159951,-0.4137563459775825,-2.7580394347902524,-0.13469976700819786,-0.2689692477583137,-0.2291918142153626,0.13552666284436424,0.9774859640364048,1.5512785372078757,-1.1938790759161308,3.2456597915023147,1.2382485091853968,-0.3444574744144086,-0.013161001493394532,1.900977992527193,-1.03000310939814,-2.1662426479898063,0.20323808799702714,3.1059645408622383,1.134011452101579,0.32968728931225716,-1.5844872265656593,0.09825161751132186,1.4006957635996062,3.8841167494740043,1.804700042984696,-0.6025705220512498,2.0244074951834286,1.0478373395965261,2.043509096272514,-0.5720928804268769,-1.6778321434366188,-7.713860825606034,0.7799143040424763,-7.964457975365612,-0.7698841227570341,3.367253889121507,-1.004481243392014,-1.02109148846577,-2.398261985095441,1.2280042919945118,0.5265764043110966,3.467193922701233,2.977262124474476,-0.7326684661840652,3.770176113675154,1.1375020920059136,-0.2892158333514546,-1.0029262230249603,-0.07070932259424037,-2.794754448139383,-0.4379917220277595,0.6173309914157344,2.7420282595707834,0.8489927729336333,1.6166481467350187,1.8635809450852627,-0.3957487812697499,1.2888340732553847,-1.603982933155007,-0.764471963283333,0.4201571488951833,2.227314719634388,-1.4775135057387552,0.6197064007302536,2.103412957356484,-6.088533025554995,-2.302911608486343,3.328902323016547,1.3271166837464652,0.9372993052795487,-4.90121011130523,0.4011404353795813,4.056750234091516,1.5842849376545738,2.1652634848934267,1.9052743204716007,2.378563884814361,-1.0420911756964424,0.6673392847690941,2.0000673886966442,-1.2352262224248136,-0.6407819625084795,-1.1557326699392316,0.1370897212931161,-4.096618480420672
2.710969838477732,1.6769556571978501,0.16161900811856772,-1.4731102394056017,0.6262371205641197,-1.0307159531552619,0.41091697307008407,2.568470712920697,-3.308504191326294,0.6401404786612678,0.37999683687812125,-0.17962343348981893,-0.9298451204246398,2.466612021944627,4.001344172041457,1.4638829774778088,2.0564250179897967,2.8826620403543997,0.6823723641452564,-0.6158319106066421,0.602814873403508,-2.000298521778122,-0.8181452573172863,-0.2655836916042998,3.0778350612281455,-2.197837772825458,0.7656477940255464,0.45341897329078407,-1.2683729189929869,-1.5541939970111365,-0.12275863655334891,0.4582832148741843,0.9943781915985613,-1.221811835589248,-0.5165784268585443,1.330386175222387,0.6756344057647006,-0.9290068556626735,-2.8895944445472903,-3.1913742476188043,-1.5693912463560595,-0.686792326144916,-4.668717015223662,-0.570487517455122,-1.5977704104787025,0.7919340580954397,-0.13401881356529424,4.863676260370341,0.9565195882066803,5.88255690241154,0.7561559895725833,-2.0159228258928152,0.6058708437439584,-0.7692579705728052,2.7235152706817356,-1.144277647249479,-0.9210700628129554,-1.7918452529528406,-2.753685209642754,-0.6874797501438172,-3.2886039431196603,-0.7773524547319189,0.00386252084538119,-0.4691731369503101,0.08671809858512625,0.8526729368249184,3.7252707843569497,0.5150280825671537,-2.5079940521373287,-1.0509670809492206,-2.6379599987736717,-2.1174441495772496,0.22878027852245145,-0.7601238426451012,2.9812758481926473,0.7041768717430641,-1.0540909039524937,-3.1484562317993476,0.9621629797073229,-0.7882780022385817,-2.955506780582885,5.178885145748306,2.593804736710896,-1.2408218804914943,-0.16575366205796535,-1.5699794960487654,3.4779648480483476,0.5446259705312234,-2.1290095928240826,-0.20452276625562105,0.1548028131143242,-0.21993269730903112,-1.2773967112019586,2.278225267951452,0.9183816245863575,-1.6562742437702715,0.7067610375937539,0.7182161588508242,1.6109178485067142,0.04640184138722067,-0.6661438005775253
-2.5286463700294832,-2.662018156305435,-2.125871970681974,-1.258151239928813,4.325667169324705,-1.2793954974093684,4.394884285344209,2.203698311439372,-4.383558248612188,-0.9200771214748956,-5.39557418185602,2.15255948688578,2.1604397186874458,-1.1471396337785327,-0.460938261912041,-0.7211394552136162,-2.2056576797836587,1.9221748645305938,-0.8577106254573886,2.154795511467111,-0.753416830865728,0.7209561931520503,1.2488876649715814,-0.2250916699575377,-2.2984586576234443,-1.0500530839974376,-7.258108762138823,0.856221101971025,0.8548455603136235,3.952765145005496,4.320764739771637,2.612480715229446,0.7255305315340375,-3.8477223108895218,-1.4275560332031045,-3.112451459736106,1.3447382836155686,-0.03390512180707303,1.0107728556959963,-1.0944404065700353,-5.199708344368185,7.090114818483998,5.170870071256931,1.183873540335198,-1.9628433581733582,-2.2758991059613605,0.3928128140436675,5.16054049615053,-3.9105416194836646,1.8681231416824775,-2.1203604564086476,-4.271607144048892,0.8134835124130475,4.806368251649956,-2.566003099531015,1.1991133972872736,0.17475348100732802,-3.9892398474955804,3.332780137405695,4.449113429206969,0.4654042022275499,1.2998078197271339,0.14082514510500133,5.364496552182353,1.094935718964488,3.5164635038940344,-7.406043501168291,-4.2551524144465755,1.176496593643897,0.5880982046573386,1.5439580244691984,1.2406449931246817,0.5658003616136413,0.04363072002168117,-0.9039874207507422,3.7273601885371463,3.4180996056738597,1.7037874137461158,-1.2724491602221897,0.806065957337745,2.341369964769775,0.8174686543932471,3.1021803773541574,-3.401389605378639,-0.8638008812277358,2.4384637132252416,1.8553855554292191,-3.1398281453722685,-3.9155247610271084,-1.6950235546680967,-5.453792742059598,-3.198768137138366,0.5270496762316026,-0.6681135683524848,-5.667018824617576,-3.2639140545316776,5.030983501697399,2.7046133442362996,-1.1487189472737787,3.1794910904618114,4.848239535713499
1.2186985253884575,1.5697000125458724,-0.9724047415969826,-1.836843397016569,-1.289973399395884,-3.344596589635757,0.8206685284880775,3.4273437037527392,0.06320232723606203,0.7023509192378439,0.3568618550890317,0.9998209293022755,-0.6882490525903284,1.105470622167801,0.6807503042993563,-1.5153331190678436,-0.4972821818617818,-0.333798229009857,-1.3225030483328792,3.513735070253459,1.1494295850924794,-1.9252499419866635,2.0537345713460216,4.117824858352071,2.9752329684097316,-1.7663651154353124,-0.6924997963544939,0.05044865894004921,-1.948609918344544,4.9519287438459605,-0.11174069027587519,-2.6871831827881607,1.269488938626419,-0.9458506471702102,0.8080408432130719,0.8721477489570626,1.7437475174569117,-2.536547321394458,-3.848558048057135,-0.6763175488734969,-4.1671873450525325,0.13630533164689437,-3.406856325236852,-0.4612608839644129,-1.1260183340474608,-0.5193688925586833,-5.7606435242228695,1.3066267371237936,0.5273321326823452,1.6381444324648142,1.365047412671685,-0.265371242867612,-1.7657483451907998,1.4649252109969106,-0.44233679373502705,-0.4611698675067145,-0.363739279300214,-2.8320430600862285,3.1267402208159774,-0.8592579675885672,0.046953064971300196,2.7447734423729835,0.5700754127230541,0.5340843224164398,1.0630006531204155,-0.19833866196422667,1.9821472464422356,0.9568326041862548,0.37174748115864686,-0.06805769044624743,-0.3355999295822839,1.2368194137531106,-1.3476073565248579,-1.0686614180096972,3.805921327363481,4.539893157929456,-0.35852638334379616,0.7894370790150996,1.240629305385365,0.15441031755326054,-1.0584953762607412,-0.1952791228797655,2.534143589295322,1.0262632142646413,1.7735395863473722,-0.8348624105049124,-0.8479097889797858,-0.14125364555520206,4.0870689399614,2.8291664666673477,0.4162315973895777,-0.28552718492532875,-0.574698812085659,-0.5809780445853829,0.37829458465388716,-2.3556347340282806,1.5994992520310816,1.7455090113582301,-0.6345648943154649,2.424978770248111,-4.987829553039565
0.19589369283868474,1.0473068071845237,1.304428071353894,-0.3464438139387632,-1.5833837899610215,0.142572116670487,-2.1672642458921962,-0.8538149208416579,1.610710344511114,0.015617018539227895,2.489737730724661,-1.8923826844573965,-0.5083345512088377,0.9978090979300221,-0.44845686097732274,0.2863403754141311,-0.16282520208605966,-1.4084369572777065,-0.04904401397724335,-0.806219809749276,-0.02910346205699868,0.29357576845520766,-0.44248334573638853,-0.14027456652784492,1.6428796473645895,0.5943779825755731,3.873435488957721,-0.4452495897973374,-0.17747755157493944,-1.8337868328408977,-2.317350192364465,-1.1429844877805504,-0.1844995394858571,0.8009825702114108,0.7376465498771404,0.5753457662621579,-0.9940254235726435,0.7436412926762304,-0.5529895955420772,0.657921501772947,2.6744034879883194,-2.906143240327156,-1.1832725400657267,-0.7080030538558088,1.4750451574533037,1.453659112655935,0.10204566332288259,-2.605855900628866,1.6670615304924825,-1.7575474470166819,1.8294583921288314,1.9301409165620709,-0.3700810012241585,-2.851409019142602,1.0814144422135241,-1.5570590691369046,0.1287157574057794,1.041818968094215,-0.10783556901972735,-1.8488958398312183,0.5433851580861997,-1.3987724459824893,0.6167747777987297,-2.564134676401483,-0.10479182389199723,-0.9838457601003406,2.382425091167748,1.0314978609825394,-0.8843760512471096,0.24365335533992977,0.2686235782967681,1.0756552076804322,-0.4451565796869885,1.4546150304262138,0.41326614509236737,-1.212688726467381,-2.127877028627717,-1.8417079035162611,1.0168345862952517,-0.9237893636297625,-0.36309550890451,-1.093579721426565,-2.104500036124728,1.508010702908876,-0.14557377775319033,-0.25600310126378123,-0.2852753690454702,1.5822604768000992,1.3847148105422002,1.175837172156148,2.007633489456174,0.9208981774984518,-0.6348398106642656,-0.8032567808125103,2.2446608194147952,0.35653553329494336,-3.3486361787131127,-1.2940309883210115,-0.7399048347896102,-2.1732184846628484,-4.6473705798408105
2.3089237215373304,1.0445174461815583,1.044274837421138,2.5251454410652827,-2.006197492933585,3.4098759019504277,-2.8586367637593253,-2.8136487255420204,2.535290534087631,1.301890563573744,2.270881631774481,-0.027483791261093758,-1.8875172045418416,-1.5585941266081464,0.31308928775195694,0.7446369337973912,3.119052060627428,-0.2596961518894427,1.4408745254780677,-3.2492866954906634,0.6043966806604744,0.27260079030115014,-1.8194187768676144,-1.4012114701266942,-1.646880550516902,0.23161586519063934,2.8676190219553357,0.33482116158121006,-0.17046712778519243,-4.859677684514761,-1.1600896437253345,0.5192967871991863,-1.1986797832130798,3.800839864963966,-0.5237110464026744,2.4716108595881594,-0.3134558228783587,0.33385542007409963,1.1763066463084695,0.6203457152631261,3.844955166758314,-4.046900648703602,-2.9451321183311436,-0.6099068546930693,-0.3650946010040893,1.2228114043515768,2.273984562218256,-1.6959825645124949,1.6799072864324955,0.4969991294778894,-1.3541059973669827,1.7885089239835097,1.081507578106721,-1.033081844230301,0.716609643393116,1.512066927156855,-0.13682076243497815,4.5927117959864106,-5.776089025929706,-2.279110078764287,-1.9990414007064639,-0.7637572316949942,-1.6674222166766275,-2.624710912736322,-2.455907957748773,-2.1146146183230363,3.9039108671709393,3.1267812360543012,-0.3407039426412724,-0.7015285602824656,-2.791715032963768,-4.9262763133737755,0.2100275727144219,-2.262195651555897,-1.8130615048462768,-4.3891492933603695,-0.3552556460155928,0.7878196399177965,-0.16132121526410687,1.4955093229415626,-2.4049555326984526,1.299338163962049,-1.5997879970875326,1.1158908154188405,-0.2717661692745931,-2.3909513925983217,-1.0668788658591648,0.36589912907739863,0.4040490469220629,-1.4713406788586023,2.8138567679357243,2.8068316684913586,0.4732940806789289,2.470992629296992,3.2719316403721908,4.745043116415443,-1.9526073531965045,-2.0110927845234254,3.6093155631162066,-1.8208039793094377,0.2622168978541547
-0.017896212230491093,0.7777596278808571,-0.9283231617519674,-2.432133094585716,2.031031007115534,-2.5289287855670506,1.8357668035991577,3.532521970412429,-4.4892829408365955,-0.9842026475336455,-0.5584068117466983,-0.9433553769792291,1.4653327705680133,3.2562366936534195,2.5878623592326004,0.9541850911060443,-0.8659348117595564,2.4752836006269012,-0.14503418065512896,1.2069259195495583,-0.8039428777806719,-1.1996484996284467,0.4258107387631766,-0.05721142812919688,3.929831384470218,-1.154981376868466,-0.6420428109429186,0.3719029756255242,-0.20727936633388683,1.7572677736640991,0.1190485516187208,0.2720308805915553,2.0189016063566085,-3.6058681504282295,0.5442415262270907,-1.168903452483634,-0.11466316662610027,-0.4344431549896476,-2.6284307582186757,-2.404193072108723,-3.2442018518421545,2.165278381185855,-0.37524032388579087,0.26969184513353556,-0.6177919562168794,-0.0687551809221247,-1.00939947798719,3.4953136621944374,-0.16666335377978403,1.9131611733465173,1.471906430668591,-2.6472174579705254,-0.4101520532090722,-0.9295769697325131,1.5091286839111104,-2.282143795210869,-0.7533129639837911,-3.94850440933114,1.9717360425869808,1.087206216268681,-0.22350550244276657,-0.9100281063512444,0.8983800889419388,1.5640432800249173,2.2576327012273754,1.9953702683282788,-0.7033730401605722,-2.8176595158052424,-1.9641491876094324,0.09489951976761742,0.32488347119055017,2.808536305414482,0.32801656496432596,2.1864934281073394,2.9809038098510054,3.0962953111474576,-0.8521125706287869,-4.167987798969055,1.0522142102279473,-2.2094075852933264,-0.02165664030023269,1.7217506552813302,2.6247083689121786,-1.7062752923809286,-0.2811477697903011,1.3132473769715736,3.831182011110396,0.8535461992919916,-2.3822323727515458,0.6051749962389763,-1.5219464706363104,-1.9166605090767914,-1.3028917242588878,-0.19083433303749978,-1.8683287144156777,-5.0209362851629935,0.8610793743053909,1.3502192289232413,-2.3190444272253816,0.7401572858671428,-0.8418783676366546
-1.7338296527396961,-0.8255831280318611,-0.011041129401850924,0.13361947041011818,-0.0533447129171946,-0.6091330814329607,0.29200360592274505,-0.7621332426282879,1.100508256779386,-0.7092662083426687,-0.38327176491909054,0.09429889600868087,0.7272089824501873,-0.9311850533435293,-2.1750872881398156,-0.8664494138299875,-2.019625917196077,-1.5216360950131655,-0.9534561898614128,1.5405700336225334,-0.6792015966361584,1.0246982732092986,0.9200485355148871,0.9941265703889269,-0.7425630412887884,1.269597926961988,-0.906634367060333,-0.2568987010243232,0.5953265166988548,2.541798622075379,0.43580547626575017,-0.7096537561030045,0.15984062011456512,-0.36355627551249303,0.7119713545518747,-1.3752369452571402,-0.41692108965492525,0.3534769878208057,0.9256093939876886,1.737119755448461,-0.21709159731189387,1.3478107674497501,3.1201217133967516,-0.09067995200989648,1.2296786421974633,-0.7004191393003385,-0.9965771471944477,-2.513826767389976,-0.8559065805137178,-3.5425563127433297,0.00521676499586278,0.7013293493257614,-0.7456020630743939,0.740476551444665,-1.3922847721688913,0.05041777767145192,0.4616154832936613,-0.40580090459908047,3.648522070077883,0.6642904674088828,2.3465348879468317,0.7140687845591767,0.7205074751004612,0.776785722415918,0.534446073654108,-0.007349970907991797,-2.8955305474635424,-0.9680984950070674,1.3631174275771356,0.7829452788119764,2.1752490259547774,2.8066924993523172,-0.19784468036547392,1.0397634630216757,-0.7815511922556505,1.1093491946541283,0.7178565604341551,1.3252388107654096,-0.3666576801425944,-0.16038673852210206,2.207289376718952,-3.0224114074534767,-0.8427759995844131,0.7708881040653387,0.33941985039863226,1.803106259515694,-1.673169147933908,0.08020635318963204,1.558591622270039,0.9958145400545788,-0.7484525894035179,-0.5054736362694479,0.7247042179524736,-2.2079884585276885,-1.321163397157406,-0.9544571283901274,-0.1201318050835005,0.11824608247904386,-2.151692782411887,0.8271365545980127,-1.488482927086587
-0.019498505627354168,-0.31202952383754984,1.0394628280191684,-0.0014232938096560704,0.2744649748032775,0.5465953398632933,-1.3353568100116824,-1.2744648500994957,0.2482181541461366,0.6276606987785273,1.7741514476329028,-1.7796038757329526,-0.36080397671657,0.5278750892267681,-0.24928334515508163,0.48497229242184414,-0.035803190773380345,-0.4506284575044668,0.20160054907411357,-1.2931337492026957,-0.20018476889224524,1.1222321874481782,-1.1907291788523238,-2.111961371195873,0.01314176116954588,-0.07718755686232394,2.664746165940743,-0.13877456947808717,1.0379622923200649,-3.824436407772034,-0.9873239209208944,0.8753713869449493,-1.4250603038262402,0.23118512200339952,-0.23257408818203695,-0.2618409663381195,-0.7965285337745098,1.5278776155367881,0.4566441047736593,-0.597426664005993,3.14147627175554,-2.3725944750510575,0.09318899681723158,-0.7576766749384749,0.6574502163570258,1.2304647061978642,2.8831639346590805,0.20349981920595644,0.46133183841479947,1.3040065095238966,1.0935344528721644,0.34113370412624067,0.480456173304382,-1.5521697873528786,1.5511086052677256,-1.2615356288878834,0.4761491656559902,0.34125731998993347,-2.6686496558977124,-0.7684721217438208,-1.1224441885515337,-2.193168743016003,0.3835160324091034,-1.3387324115601924,-0.6790290458823268,0.7130832197332009,0.8621943492281073,0.4813181357630563,-1.652121101742893,-0.11465510819892331,-0.0826111074746047,-0.38428298514828335,0.5628455419021354,0.5805840240591792,-0.8763306436071362,-2.389849691044812,-1.423465590202742,-1.7970708653091438,0.6304927151458211,-0.8778018904293058,-0.36351149847676345,1.048369867156086,-1.8956831067983915,-0.5235986155787727,-0.7402961445769597,-0.5661393124242752,1.7452228185840393,0.8022434828727516,-1.3764831557094155,-1.0475015844318831,0.5098850480860153,-0.19946844784532555,-1.4727508487828385,-0.4800491821881599,1.2372727790485085,1.172520015566318,-2.7365345189106645,-1.6618352742599907,0.011418274665805528,-2.895328624516141,1.6327227433498677
0.06742549459754672,0.8322374041149989,-1.0692061095088778,-0.9415372904715424,-1.081612383198438,-2.1585888656652954,1.7771442201036498,2.363009906988833,0.30446301914907564,-0.9436332057827667,-1.3373394638513283,1.232941630414041,0.4332550267250896,0.7660623767127482,-0.06882351747168433,-1.2588814755954014,-1.0003017083505827,-0.39231266923084307,-0.9706417839495414,3.0084545087133723,0.11261763707548572,-1.8674096547378731,2.7929358017806183,3.7295408714971097,2.159616729207572,0.35724925349995673,-1.7661036298726613,0.12534250660366913,-1.4207043284306686,6.046669986686945,0.39492535593297295,-2.437917210731622,1.5915408230151622,-0.9199439594959427,1.3040268001403343,-0.2891882838985543,1.0511340563996892,-2.242100223211696,-2.055722583101188,0.8415579653781122,-4.562237104932247,2.232838533807466,-0.05920299377992491,0.3321973574943117,-0.2736714662337073,-1.4740617625446824,-5.289059017511359,-0.872668998224107,-0.2543337873010091,-2.536302061820148,0.2466642258534983,0.15241884743873202,-1.7474220648342564,1.1880923902604377,-1.6210599642039067,-0.03804100453614793,-0.05807716465163559,-2.16362870248955,5.479537547060273,0.3145065874281971,2.566342627715115,2.6962022190551287,0.3604909632582105,1.4529151986758198,1.6366918298117765,-0.3241696545133463,-0.620896313572116,-0.4104267843213828,1.6984316410842852,0.19780131218532337,1.0639709326190412,3.1360088916074247,-0.7883397406011063,0.6386866412278739,2.4506959141958773,4.518939244275333,0.7709649276142054,1.2583776570699992,-0.06665697823891317,0.13641299531610604,1.2546510573221987,-2.4776759619496556,2.4168721141838114,1.190335903219844,1.3667198312456343,0.5053210618029974,-1.8199594135413704,-0.14697943776319092,3.667255353040713,2.629849726462293,-0.42285523319626844,-0.3985383268183132,0.9043936298916015,-1.1916913618319063,-1.338663549101601,-2.774635265526153,2.0824557904131282,1.8593217790863903,-2.2348080383387248,3.716106326450155,-5.973073588176918
1.1317828448298053,0.6727532705405801,-1.3151420277872314,2.1945224117147637,-2.782145513480922,0.9584291824726696,0.7225247397265396,-0.28410004136830314,2.127637304900014,-1.5308657488316455,-2.3519952722676694,3.174381601494479,-0.1127155106170915,-2.350330780947284,-0.00034304218705300676,-0.6428259890977527,1.6628746075561258,-0.8140066570587877,0.3979822899398792,0.4790861771067684,0.33542162279581555,-2.4047149340502685,2.822525968331327,3.2216322746418626,-0.38396531291066505,2.394131178660046,-3.450499586086944,0.5436946419024582,-1.570680531664421,6.11265593650241,0.6596312246781535,-1.6624114394993417,2.2040155389733465,3.145464553099653,0.9072098699796758,1.465764807686231,0.0809825954783992,-2.691790967624881,-0.2492083777993631,3.020738429798521,-3.8265489463565285,2.643418133979746,0.119846865486424,1.5684584313700807,-0.23033722363264564,-2.255222253223597,-5.0918932337181975,-4.922460373831074,0.07753280060927797,-6.390811314345383,-3.065017549703432,1.5248406710643505,-0.8870004304131202,1.7806367247853274,-3.454913573562517,3.577704676020922,-0.5600602149853983,2.439435960667254,4.11805030968645,0.3057214067832028,3.946271474509968,4.057253834173036,-1.7896791855628793,1.129893420308126,0.6857759130002397,-3.0308201093201395,-0.3658600186684078,0.014309523593772917,4.222292929356077,0.09993781449683789,-0.17975818724686013,1.2258745091963146,-0.9148314380880663,-0.8265080706662583,-0.10010610403627034,2.009659097626034,2.986583340975556,4.019277980213515,-2.190264187140175,2.2696300759733763,1.3169998125648705,-4.385167883085405,1.786193879730341,2.9023721208360884,2.3227193190172466,0.22371045123960415,-5.9299393671996095,-1.0642791893114028,4.836298641399429,2.11091766529574,1.3233544638745458,2.3443743918128277,3.8152052134948247,0.9627614745453724,-0.9890225748938131,0.2727328162825879,3.7782582646671665,1.9663917103150828,-0.1309617309330277,4.773233114607625,-7.5222531352814705
-0.6007798455449771,1.63534303834303,-0.7651823553719038,-3.832771664607963,-1.435885192162211,-6.34582663692501,1.4187071890480476,4.917593972870074,0.5921873582002262,-0.21573328204340533,0.6030263572800595,0.41466808375197567,0.1026274706465813,2.0806290183289837,-1.2337540499432071,-3.2134164440445185,-3.274211821592694,-2.1648440379828258,-3.3930775672238997,6.620848409937691,0.814444283201469,-2.0907808833423083,3.487989288224779,6.551242565755794,4.764782859861284,-1.5452676428839462,-0.9660477599521187,-0.7566816966239688,-1.816427450632445,8.792439273040088,-0.9385341489808852,-4.95557171234319,1.4023708679251126,-2.7311804886542923,1.721301738342542,-0.49745069892893334,1.8660875755889683,-2.71819555476324,-5.0838309484808395,0.4807742893891738,-5.477064144895664,0.3345187948211253,-1.663391278768071,-1.021816153296589,0.2053260573697756,-1.3610203319026668,-8.518560748619898,0.347900306293765,0.1046868861181525,-0.39246215489364494,3.656317628062378,0.7064577271099665,-3.750945094159847,1.4491811668991699,-0.829625543120159,-2.7830764734732463,0.4261690173430337,-5.372089922373359,8.483727477660421,-0.9295607145082301,2.428552445680344,3.2859787359661174,2.3212583842142736,0.6572678705360969,2.9557562632012826,0.32016268845883744,0.7416473435391097,0.3285395734437374,0.8842425553402623,0.6677731819439914,2.0274030073180893,5.783764022571612,-2.0841876552850596,0.5918923039939129,5.397990117350594,7.768538525300732,-1.191365906610801,1.128983973566931,1.790810553412083,-1.6334099839093965,1.1474725735870965,-2.987850888618419,1.9362909835145905,1.8179024493568257,2.232884943319027,0.13921566688990375,-1.628339196176416,0.7284135201135884,6.905127274314791,5.413170563085963,-0.2959896196099168,-1.5355919400543714,-1.3092339284324939,-3.820033531300628,-0.7250757795404288,-4.632189846052161,0.37800803755136264,2.28251855199365,-4.040638519903028,2.9102870304672344,-7.192960683343658
-3.8425014653463756,-2.2943505108407867,2.1582870694487677,-1.7692505672440877,2.127080343483217,-1.2809840640187462,-1.9252782017475738,-2.2525295749096172,2.7369472728190014,1.9259869275568862,3.323649274556975,-3.6361079278409574,-0.4995849666284701,-0.023460844303228492,-5.976553601258827,-2.1505120235301525,-5.180795050330335,-3.7253609467262554,-2.6070694972563464,1.3300901966508611,-0.9603534845121271,5.792295704930432,-2.4335417534771633,-2.522737582500783,-3.2690547212857286,-1.2464056367799585,3.530743335468451,-1.5320643991703702,3.484955428340272,-6.0893350633241665,-1.1787581545318855,0.4881470822102138,-5.175834761256802,-2.498212753760285,-0.8967541774271509,-3.0928804624443047,-0.32472197187669555,4.2268957178223,2.825398795702299,0.5831484212084029,7.087342524924339,-3.7535298251058618,4.462247579292096,-2.768982998985798,2.1222631182854563,2.0225386458713066,6.075503171868842,1.654602454249835,-1.1160277823671687,3.708120152899127,3.6973286940168943,1.3394482162223675,-0.22320072570897312,-0.3077416260261655,1.4553666461228112,-3.8996397258757822,2.398239410501945,-1.8167146660346118,-1.7728023326974913,-0.5763218352901499,-2.5348556194946896,-4.078928231673874,2.636199855872026,-1.7992329389326043,-1.2346161746780957,2.891075381625892,-1.9697693520585862,1.1608314792119867,-2.6869997125056817,0.939512857171,3.1894635901207864,0.9736855193536516,0.6536550577026068,1.2921926385659175,-2.9512846817900367,-3.005724595498765,-3.7320731418444817,0.2923925713100339,2.8339429526740676,-2.0078482088620397,1.654039439467922,0.4842135044510321,-6.246304875930832,-1.5411592165436727,-2.8488245866681097,0.009185004237375755,2.978925804615294,0.21230812766352058,-2.0569078540517376,-1.2193515212862296,-1.475849461545087,-3.0296008291056653,-4.1319908248083985,-4.8201751637697825,1.1301540924729498,2.558451135892149,-6.47161898281959,-3.7345185396082097,-1.6134032706208667,-6.886943212289848,12.941763689440023
0.875905195176338,-0.6897993468432564,-2.772432764427062,0.36356662127610956,1.0049842463190155,-0.26156709052685745,4.505786131408548,2.822928946743855,-3.563982934123663,-1.5094981339292493,-5.91234320364927,4.637454884579547,1.2683082411074966,-1.4736953224368439,2.421869137070264,-0.1233308003431515,1.5439162621689624,2.4990960502211292,0.21392735140796673,1.7966714131966863,0.5197322143807481,-2.9942366800288998,2.5039379254217415,2.9090944410926816,-0.026287266391340144,-0.43339451562678233,-7.888295360846717,1.1590747470957214,-2.023269386426553,7.926885957602587,3.869400260003114,0.5374670793187744,3.5117556156443,-0.6220388170121669,0.053677998981537065,0.06834983026868141,1.555673858869331,-3.5035049342694764,-1.1707444628837222,-0.05974531524470107,-8.679563335758749,7.333789872467107,0.5067062628518253,2.132808495524836,-2.979428594561675,-3.1656081290614857,-5.200056407259319,2.507484401547619,-2.3359941192026183,-0.7421051874267246,-3.8193853020835853,-2.9565879464540994,-0.33170403395103853,4.669242506646804,-3.129002800088843,3.726935243759939,-1.088343883717641,-1.6687474521127437,4.4151296066316235,3.2434991453037045,1.897896047937495,5.0050267570423514,-1.6413591906412577,5.025615154279928,1.3686852914104886,-0.013815880628100602,-3.4025648241761117,-2.661137050398172,3.4088281244986085,0.000755744212233761,-0.6891484140123268,0.5140866669881954,-0.6884734579203138,-1.7776559746404663,1.6361783533295475,5.009536144016207,4.736478812680511,3.0170544675429753,-2.4122846137760483,2.1982576686728,0.8179106450448553,-0.5280552601190139,5.998756977462888,-0.13715203405876825,1.5694897230767721,0.9345766201058785,-2.1803495818906047,-2.675239127663546,0.5416061890577536,0.7710498493447708,-2.788781184229823,0.1396263979097028,3.3219389906830354,2.090198155306278,-4.469297608625922,-3.4669480414850447,7.6903181740726545,4.248302333233143,0.33874717455945863,7.184769353368258,-6.945632512462618
2.4952172330312457,0.6880738539633339,-1.0650364931340806,-0.2168811623614424,0.6512338675050688,0.258858117215789,1.841990992273394,2.5571500549787776,-3.265224149058814,0.32270211622851663,-1.6361981731954167,1.9444640695256699,-0.6225272145759658,0.4319347902942054,3.871036574814425,1.0571887751397173,3.111857629078798,3.2426536066163614,1.0929439430404255,-0.6710833040345404,0.6073507785839745,-1.9700631273394509,-0.0356459768994966,0.19703372359267188,0.9125031574213097,-2.378146417063257,-2.837482569515337,1.0145496877529765,-1.6410736997070885,0.40121821560923454,1.584480428115547,1.2570643342292764,1.5277957821282153,-0.03499640519539138,-0.8090462366932467,1.6702635348549024,1.5505291960463579,-2.2417079167112406,-1.4975403688053068,-2.722045596234168,-3.5962177124498136,1.333737457077226,-4.012226227644973,0.31069640338863624,-2.756031519042057,-0.4501031978323423,-1.078413007052133,4.652236363359582,-0.14552117173398518,5.044128439415498,-1.494671856337968,-2.823979974072162,0.8338905198609632,1.9784388287375303,0.642678638318952,1.4614589979894101,-1.0308421588850272,-0.7228114780485501,-2.56683121804911,0.45936666105169915,-2.781060725907333,1.3842672101330806,-1.3803503951288438,1.3950126944099035,-0.39200571449859134,0.13462941045190815,1.6993505332482914,0.27110587596826113,-0.26987721010544774,-1.186713462759625,-3.096060395188943,-3.5500001514428825,0.05557704941286025,-2.164619718696746,1.8426213830412101,1.0847759943650321,1.303855378765904,-0.6776826831885772,-0.09200696217970897,1.5530069450025619,-2.6580108826475684,4.117084918560507,3.91101930225094,-1.0291551838112376,0.23464441843503925,-1.4566125961517131,1.3584295582385995,-0.969422780972548,-1.6044833214118606,-0.6243640965682237,-0.8292098442951698,0.3107031225283102,0.4685069635948361,3.568202026238806,-0.051829459057614324,-0.683207634018975,3.5785838777737426,1.36091599895264,3.063106490485715,2.6060793397206754,-1.235467668336737
-0.15969601762372881,-1.7340087708084264,-0.5927039511745664,-0.06261110682307831,1.975262165489021,-0.16511129431382282,2.336107719493032,0.6433365011221137,-1.3859799123014165,0.6220333519137801,-2.6522378927719594,1.7903691644855797,-0.16342468106673425,-1.4161137233720142,-0.5753355279429365,-1.2629660739097353,-0.5036500531433066,1.1155044597326715,-0.73033803529661,1.0157501997821814,0.0676182013284311,1.110531449874724,0.09645276396947451,-0.1704590154669027,-2.8786881122117305,-1.9815796036575215,-4.139338807448119,0.07651541432185636,0.5005603487275236,0.7090862693929261,2.6361330835260666,1.8439329063381598,-0.5677866375655355,-1.2131628825227803,-1.0851417970476378,-1.4141750001845936,1.5185960833428562,-0.5821621980251137,1.187716823482959,-0.9042601959475567,-2.3221736566380744,2.8082927621083553,1.7524537288991988,-0.1552946276984668,-1.9342376464582571,-1.1774015945816965,0.9045191495408675,4.210947443416956,-2.45262422122843,3.188076236693889,-1.3620855329118486,-2.453565942312791,0.4963525150112452,3.7064007438827042,-1.392479502140527,1.278173712993683,0.1142675692988506,-1.6335094635329042,-0.3878894722831257,1.834432904600796,-1.1937177538428787,0.944357493554641,-0.355555129139348,2.8063766894193565,-0.6628463844745415,1.7677957616096047,-2.804740604970565,-0.7389628227747848,1.0585537704216927,-0.6189264265627836,-0.32743006650119383,-1.3825725823454897,0.401071818274116,-1.8838689047381547,-0.925943725601441,0.5830230179269472,2.0160249401580774,2.7394601812735555,-0.5427635310198303,1.8296587872243144,0.2575904238503476,1.6962603867233672,1.6877113364178546,-1.9617606961731584,-0.4961088458633718,0.05007501231517629,0.6240193359919473,-2.369913247426422,-1.8013377696168826,-1.5124690417160078,-2.783989232872233,-1.40621310809994,0.12391750864260657,0.32494966850057067,-2.3055426975817594,-0.028516371468610163,2.6601181524423527,1.1542726922162936,0.9187869418861155,1.4453426125377744,5.013167210182187
-3.0687415414525967,-2.378955944199052,-0.8302587491728998,0.7366555085697315,1.6841420514408059,0.5782658048723041,1.8604385095332638,-0.8928785033806083,-0.7579626496662899,-1.6665867093406497,-3.1214908894382805,0.7934464208714765,1.9006679209111288,-1.581155907104446,-1.6681797810577506,-0.396932066680843,-2.1416570276734754,-0.17775798079618313,0.16511382160215626,0.5322669257267008,-1.134038838551441,0.7505087365228917,1.3172827696676954,-0.3555044250433289,-2.1322493815002543,2.229654614917754,-3.7475000484932237,0.07853013709684321,1.4464004419500638,3.014906254070867,1.629732839810291,1.185416162315982,0.4862695745885685,-0.8790182942770299,0.10743400028585096,-2.894087806993955,-0.662069450397794,0.7312885242104658,2.6094661529420127,1.6973215230874759,-1.2212523200131047,4.565190012833649,5.91948597394085,1.7130102906626357,0.8241831477727125,-1.448009952698883,0.7472199892131827,-1.7920739951550735,-2.2904229229166075,-4.635785155411245,-1.532136220446226,-0.9307204188256275,0.19002597583151795,1.315661358349493,-2.798296230340007,1.1599553779196894,0.21243066130560811,-0.2915132446275257,4.084281959943785,2.8481698743143897,3.392539626431802,0.799292408610405,0.09436378639558365,2.804786936684349,0.9373684364738962,0.8759253672777308,-6.080496441813971,-3.243832082997034,2.0538315399801994,0.6795859548521681,2.6300795123815486,2.80412099603829,0.41830900420805517,1.7282057291872022,-2.197173751716053,0.8296652906137032,2.3383841556425096,1.3310162638550427,-1.9458855230671075,0.056429229545873,3.423353033556191,-3.2434350928275992,0.08091398405715436,-0.8423338656323824,-0.011943826314764011,3.05196917825698,-1.3400083817141157,-1.1172896217698436,-1.1981218538771339,-0.7567786273117661,-2.4906620478618575,-1.1077648632952881,1.8062725798752137,-1.2770876018629542,-3.717984306436677,-1.7671310866003798,2.2281003857377906,0.997281250505053,-2.213842813591922,1.6906948671439366,1.8753520475138192
2.569124031638617,3.0030156069239857,0.15780963791441582,-0.5820534789475852,-1.467887941087667,-0.02824687215119881,-1.0078378792347997,1.8264783803195086,-2.1743445125742493,-0.7732235948701031,1.6514696144780592,-1.159596299266842,0.14025970814860633,3.2089302871355563,4.366581293795418,2.214161301982982,2.7145160592167303,1.5983660701418625,1.7671810444783749,-1.422452207886419,0.1512586653312944,-2.9857140873969423,-0.02328255214031247,0.6810314603461243,5.463822359688397,0.03365866986823107,3.222953104757837,0.8450404645361751,-1.7838332586490753,-0.1763363257483856,-2.005478822886881,-0.8643489629167208,2.7891859573443707,1.0305587424086533,1.1881890228176055,2.43040666033757,-1.216924717319279,-1.2515696024728884,-3.4281984204271962,-1.5105689320662172,-0.8024192945231142,-1.391758628693647,-5.189672117432899,0.518043231256406,0.22465666710502483,1.0051651368392849,-1.8456874945283157,-1.1172946062507438,2.686589863379047,-0.8022149325648908,0.968982750325804,0.4366739220469389,-0.08227598099224265,-4.426301702632424,2.707253333687928,-1.2963916113247178,-1.2950374409599195,0.3258696023382387,-0.9581021987644023,-1.5059427299563428,0.19304979908675415,-0.7575149674622612,-0.22552217097450025,-2.048344673951546,1.2080574731382856,-1.2261331535852071,4.670609846046541,-0.1252109669864677,-1.9211386936185806,-0.1991888988758262,-1.8013826219364037,0.506560205654828,-0.4062703805210578,1.3863161882086399,3.416413739183986,0.7085408953111438,-1.5449499831795586,-5.055774754777495,0.39357326069379217,-1.6851096030372867,-1.9315556481433476,1.212724483931397,1.6886622970862781,0.9741854504612061,0.7224709020994744,-0.6062833594157582,1.212915527313255,3.073782831167204,0.1270274816411352,1.1926723904311538,2.467304644365992,1.722168995644842,-0.2012584750399402,2.3627856584443565,1.8461497873230046,-2.538189592837566,-0.7061731863366709,0.4022569718778058,-0.06917192525522184,0.569781675572841,-9.856378762923157
-1.3797094560962433,0.3694879900701384,-0.32249972607105953,0.47897174330394854,-2.37872256251621,-1.2946665584062058,0.10967156762002378,-0.051533129626191915,3.387507155643715,-1.0096802944432164,-0.21822456137477186,0.4612472778358259,0.1471332125648578,-1.1446762188273725,-2.818026828910522,-1.7460733917578517,-1.9666100654628844,-3.1195878941830193,-1.4786963100989057,2.9791201680895307,0.04025246271224478,-0.4478650211525591,2.760795208518548,3.871787792648119,0.6933341453839661,2.1393319044840244,-0.9721527220540701,-0.35619719471485883,-0.7655336457912615,5.887290189112606,-0.5756681763916832,-2.9304141701892434,0.862199713118019,0.9194565275484043,1.5662135020722299,-0.08427706325449985,-0.06438931457045924,-1.066089931128976,-0.6954242290781215,3.3591238140860264,-1.82755119481222,0.8212237020615509,1.9157660900183182,0.49062894529488815,1.3070069006513556,-1.374449901548655,-4.883043759937799,-5.273081707595425,-0.1520589233167362,-6.584946479223582,0.4315235015899977,2.483949963880676,-2.201227394911028,0.6428016121309155,-2.8271941464752186,0.3327247132210089,0.2261160460426138,-0.08547723907817381,6.518170032938592,-0.4751286036592698,4.553891350541175,2.8264882404842626,0.8384012538738215,0.3781423102347147,1.3942154072382658,-1.6338781700794924,-1.4996684146157757,-0.33202301148624686,3.199617825524512,0.992988799095985,2.536289634741259,4.302950010472783,-1.4438803809011669,1.1754187258109137,0.9595459236992697,3.070182523368934,0.6436597005022087,2.82087745506814,-0.7024871956950397,0.10198172052392458,2.8232175197457003,-5.908461777376535,-0.9918635129284528,2.8783926105448114,1.763674963899754,1.195953697147785,-4.630412208008033,0.3383136837427328,5.828376775073952,2.9442748342947214,0.8428663225007478,0.45034147036602373,1.3294689064698835,-2.634175101352871,-0.3737147488245988,-1.031364983956744,0.2599070811348419,0.9126599707509553,-2.833833353963144,1.9622461668556512,-6.741243922763619
-1.1682063009868349,-0.5316774970544723,-0.24119356608217898,-0.4633294445522275,-0.28789395556415626,-0.7632356167941827,0.6256276556927213,0.53583764251491,0.7729822935571578,-0.2565328320337348,-0.9707886347928172,0.4861757559652694,0.44350015841493334,-0.14082137252056925,-1.3993321377485484,-1.1468690855986934,-1.2553297639009815,-0.9073481212525975,-0.8464728009916941,1.7182501719155867,-0.08653910670557177,0.06202245486598547,1.4737188873554348,1.559102575355224,-0.06542848724314994,0.20997151756778737,-1.0801929640057326,-0.11272797551326909,0.03267791928141167,3.0323347217296726,0.4530805291008197,-1.210133596328176,-0.055679757327116886,-0.2769324484090708,0.46772194549860047,-0.7281782456323324,0.1589328736511527,-0.6715663247193454,-0.05717904392608256,1.347815214657369,-1.6460692567958097,1.341037922041787,1.4928350839652613,0.17540337685285617,0.5076095951438273,-0.8671033925843326,-1.8357988427190097,-0.879658668957027,-0.6478593881164361,-1.5937368387049198,0.15537680543689697,0.279063893357549,-0.6930456230628079,1.284098172216544,-1.1098748911421166,-0.514129027934574,0.3065261892060198,-0.9037559857114971,3.218396681936665,0.5817275620406938,1.6888095711981592,1.4034395854490436,0.3633025332268798,1.2120368255145446,0.8351343431105049,0.13418012530042325,-1.5476696418939446,-0.35310258687840756,1.39077514663094,0.4888675133238546,1.3998820787450783,2.0323359122146916,-0.19033722748200171,0.5224710667559398,0.2210437658610012,2.242804115229499,0.26989749955613973,1.6063431675071227,-0.3176731115204251,0.33346430208194644,1.399572536402285,-2.1787489776231475,0.12028254534051931,0.43239842216638624,0.5126981380645861,0.704770992355539,-1.5112971583698243,-0.41124201498435736,1.8911058683760016,0.9871887294077676,-0.8832417552271818,-0.48898294107197865,0.5042687635888649,-1.2847179736061085,-1.036819564842597,-0.7019025771360743,0.9153522063500428,1.1813639066049058,-0.9453680241862106,0.9743662824300533,0.7436466626589255
1.895063164592537,0.07507728875676477,-2.2488274550857947,-0.29740336236662046,2.3905518652817,-0.11427227601464476,4.101873809846535,3.5460975070248386,-5.719633233961503,-0.6222550284706464,-5.025687490946172,3.5295826193779147,0.687282196548477,0.21166716618465187,4.963892361766105,1.0707737175928917,2.7127791090081717,5.128556087121738,1.4124972932589226,-0.07134719732670763,0.6908705276372092,-2.8077736435132525,0.8237423331611828,0.7842893557237374,0.19721293381490135,-2.1085452382800507,-6.647601697346866,1.581719489335519,-1.7988590503396766,3.6255685646379656,3.5395648272576388,2.2094717081863804,3.285337599709018,-1.477115796763438,-0.7460084007930061,0.7460949562210368,2.086947697539068,-3.144538156804673,-1.7114997550118334,-3.082914974146208,-7.043378062296559,5.800655750176854,-2.4781882722664896,1.3443930986810135,-3.9158642909738677,-1.961377203882098,-1.9437649447966772,6.207943466048928,-1.811225766722662,4.378985658003832,-3.4844420765538793,-4.795544624755578,1.1630838040643061,3.6082500478849764,-0.6485439049658545,2.850809447744318,-1.5715909346180812,-2.229556551263077,-0.359534172894474,2.875189256967196,-1.478912181326644,2.929962028753062,-1.8498279523224421,4.324294398128653,0.661072486881317,1.0386244098376087,-1.0563117544566125,-2.574812252539442,0.802661304524557,-1.2062151340702683,-2.8803697982746255,-2.423031611777786,0.12923002169350173,-2.2428340362459203,1.7782818164916752,3.298807470698412,3.7898776861340298,0.08274402883308644,-1.3248858478973873,2.092167386110513,-1.2747488850085709,4.35329059378285,6.734607220427111,-2.3864156934062124,0.4757312716502365,0.021482123745577814,1.5912876099209088,-2.850401480063128,-2.992115124600535,-0.9714871366898113,-2.7748204994943966,-0.1406209301417862,1.8757160987452024,3.937859576058084,-3.1257089261517725,-3.3041062285638456,7.267711010028074,3.620468792134401,2.1411769834188066,5.648433114630705,-1.5299456199201513
-1.9254735706153507,-2.04006513279745,-0.833594626003138,3.174034316014748,2.613347476947282,5.763567249626234,1.7827528114694875,-3.370587150215042,-3.589703198076361,-4.251153239435882,-4.81639593471445,0.3229193687647618,4.324378630984425,-0.6513000928280148,2.4136077481187184,4.050346708561575,1.2178640070346287,3.4865112393675055,3.862067970667992,-5.459656120560786,-2.7114145913373977,-0.22118371191912514,-0.35526528599393487,-4.6909548705833375,-1.9412070943074407,5.430169600603348,-3.111314548359257,1.1269116689383285,1.642767541547492,-0.8274868906285877,2.148529421568689,4.548444678179434,3.201310889933124,0.7882616400414133,-0.010894607183148056,-1.9538680446562509,-3.8530892695313983,2.260644849125994,5.228242628075721,0.883904592077463,0.32801464809777214,6.842111021007422,6.974675701657813,3.9162162687413806,0.7102923887913155,-1.3437697909956166,5.356675552620191,-5.229443178296648,-1.6740226011637778,-9.442817524572845,-4.952802605410962,-1.5880524000107066,2.424467492981035,-3.0150213261908996,-1.837756788366174,2.9022156745489283,-1.0315459082553184,3.265750226401256,0.9639877268251469,4.8026719282871575,4.711755235535853,-1.8287182203078773,-1.9445117469801572,2.556128624681997,1.0402870241529827,-0.45877895057489537,-7.035595577181685,-6.5127909876039976,1.3192547913636343,0.18031464638652972,1.4054094503326238,2.043448092758904,2.2265925649360825,4.079837421004065,-4.808707417651544,-3.103347859722818,3.9661368559801784,-3.14488180721025,-4.38125205126805,-0.5020163177668956,3.5707416765527396,-3.103952587724342,0.8338084111106194,-1.7234076525954338,-0.4946067121677181,4.642048316940904,-0.019990009279241768,-0.08139148540898762,-7.030970452018281,-3.914330265693052,-1.8051376791374845,1.247756425469073,4.156068557373104,2.397628087526241,-4.269715321333879,-1.8908150486898545,3.129564233004162,0.760618712746556,-1.8233547145927647,1.48703375047565,-0.9326364754634433
0.1678956133133226,1.3641137069955667,1.2922979985659164,-0.8415831628220102,-1.2318099054244918,-0.9940631729519144,-1.9234879407708114,0.2089186483162021,1.2544639671940487,0.30036442177161504,3.037903284793529,-1.9269726304107209,-0.531219311542519,1.644300398368793,-0.14038400914026566,0.2949016874564214,-0.38373124897328187,-1.2713050620898882,-0.45588233230696357,0.11561114159417431,0.11188275436310322,0.15253125483764557,-0.3201155621005987,0.2885359888600534,2.48168451965723,0.057058814831069546,4.231531477949883,-0.3301254698445013,-0.31524968291539335,-1.3042833532521834,-2.12735571328067,-1.5516070143963916,-0.5842761166834317,-0.05404540175500891,0.9017093988400865,0.21341802297861828,-0.9536879714001715,0.6304786892340579,-1.3621183476997074,-0.1107194874880788,2.069314942513425,-3.3530152822175636,-1.5772270725800666,-1.0290289578171743,1.2323943266837936,1.4072130814334167,-0.35550461705678144,-1.5677282470305545,1.3958933567320149,-0.23728266333761378,2.4393246185747812,1.5574633750580773,-0.8884182229455166,-2.6756166253550666,1.6850222010612874,-2.1540986924755825,0.4814728299760447,-0.0662437023411451,-0.1010626223773427,-1.727265050378624,-0.011416617627263474,-1.3836469336372672,1.1796021738661613,-2.5066474101364795,0.3292345108841096,-0.29261362816582825,2.6583182072571914,1.0869469662431996,-1.7706366635857633,-0.14705880189836637,0.64464549726463,1.2502403397645996,-0.34640225702764116,1.307988626626303,1.2293647055304884,-0.45893201438521014,-2.572177232758636,-2.262296982954627,1.0390455948504638,-1.7863833933781297,-0.410005668351564,-0.6033158716334588,-1.6471552700006782,1.0545035363097965,0.14695352224053487,-0.4592145326789659,0.6080032427634576,1.9163119904183854,1.6328963423326894,1.5195575499909975,1.9310168487348072,-0.09989215840988705,-1.530228657589152,-1.1429858924231182,2.1658583695740696,-0.4120893191343097,-3.5100340535037047,-1.01471502176025,-1.076331121970769,-2.442481111775232,-1.2858145682683912
1.8885355917673077,0.5223715359355021,-1.6310966897231318,2.005083397508559,-2.468752153078002,0.5813772820272469,1.6362439310678167,0.41680071970146787,1.4825481556345406,-0.3335718123096434,-2.581930755276721,4.30880039846627,-0.9807137961650623,-2.9674895458646966,0.40346366792187444,-1.2132453258200824,2.435297797730005,0.12569901201570696,0.22983642441990582,1.1026872436994979,1.08876429159046,-2.4550920430682437,2.4402632714573103,3.6932888997229454,-1.3211374529086353,0.24649265374088497,-4.681887767297481,0.7982479865102463,-2.1290394943558835,5.5656274025764905,1.7930122078887372,-1.2976681785539512,1.671753443476631,3.1525066817695224,0.16676260117421202,2.2369565791897394,1.5688483771299384,-3.4148203965077477,-0.7500906945614914,1.8772560188110392,-4.678163686938734,2.562674094666435,-2.131266204699442,1.2499402616635862,-1.8894802169251113,-2.5137519329818314,-5.3748944531949885,-1.9351990697110124,-0.8284898571724655,-2.5441076532155766,-3.4655549875594693,-0.20098481065323393,-0.6096893387047777,3.6730317637195853,-3.4131039915339967,4.4836700510577385,-0.8274472793316529,2.027341632193974,2.2538076964767213,0.12413137159190447,1.709102448097916,5.275371107110668,-1.7919723857366592,2.0568293174212378,-0.4847097938775208,-2.4807792901629524,0.4686539293286814,1.0592430862529205,4.381273479642359,-0.48478187273231,-1.5196176310944784,-1.6022158691727486,-1.4359322198047795,-3.1534655744298297,0.3527084999280255,2.3861396405091893,3.496603827951825,5.267465814564344,-1.9586705505620956,3.521460687915016,-0.31125829365279584,-2.0779470097050137,3.2912935643149064,2.2846613880634914,1.9988530426312725,-0.9105272223847669,-5.197117865902534,-2.315689064966258,4.189102817546625,1.304473511424614,0.7863824224405959,2.395015901743543,3.7333049044682927,2.084367522955735,-0.6102114202179658,1.3710440486677171,5.117042358520011,2.5127274704067335,2.1093372700355637,5.636986015972419,-6.469908001189485
1.0477202848163714,1.6682784625453124,0.46865688424256713,-0.15434210490218453,-0.7181384581345235,1.002460825453122,-1.1723884975502885,0.05160275502805997,-1.9332234790171268,-1.3543526443590264,1.6287882176945743,-2.1857976935299077,0.852631138856636,2.8702473865705658,3.3273977787884377,2.9511794761428343,1.6949200062620522,1.5655841799858459,1.945531837777444,-2.5079549217490795,-0.8640141404883807,-1.6564952432338713,-1.1314648380050931,-1.2526155307097229,3.8253938715175315,1.9010743060151352,3.6126062662965186,0.6114155821487133,-0.40325717461465194,-2.0146895362035,-2.0943084717587,-0.027251919939856678,2.2107896962931783,0.35769186023931876,0.93341365696223,1.0939853702214897,-2.5032384620258945,0.4425431936278694,-1.3166731206505584,-1.2935553954698236,1.2223073706593777,-0.9052897571769429,-2.173121675304867,0.6394359211566134,1.0468854228278077,1.3713277873470762,0.7693595792769752,-2.1562498302815603,2.2627643135580695,-2.629562341788852,1.0617801509687572,0.48579663148510654,0.21091550586923696,-5.329898999192112,2.3381583853307917,-1.6566202362131293,-0.7024762704526328,0.794941427782621,-0.7698464432845666,-0.7817047237393159,0.7980428096198343,-2.1387281369354065,-0.2194664470594429,-2.0713399709043654,1.213057167949711,-1.0332229097388692,2.429572899705051,-1.3674839553829277,-2.0833387463008295,-0.07142578915464938,-0.5026457912763624,1.0861283132042647,0.3438349279806956,2.4645424536704734,1.8932140762737006,-0.9483496502629616,-1.471930161668126,-5.650486627489638,-0.1383599509012518,-2.1724706304133696,-0.5904359249841294,0.27220934311707506,0.09063915334153366,0.12110646225495111,0.09182678745614205,0.6831242423860459,2.1521978983129797,2.97732881228547,-1.821456961411018,0.07002184798468561,1.9107399460896848,1.1195906420601154,-0.04157610844404907,1.627340503737141,1.3502690003746605,-2.181711533749721,-1.8312417024685597,-0.8017870592437661,-0.9966603369176028,-1.1749588350808011,-7.10490114297557
-3.8867522544011806,-3.9090896059005344,-0.32364054317948854,0.578879479092382,3.055414090189319,0.9241964673989966,2.22666385800514,-2.2076768090740595,0.8041745409716459,0.46958699712256347,-3.4543765959576618,1.094119154138621,0.7503654463406542,-3.7664601108718636,-4.780607680233147,-1.9828085414222487,-3.2395008567923864,-0.8207091095427607,-1.6231882329215435,1.52820884906333,-0.8461244517910324,4.195443166221198,-0.28564395850658725,-2.1387769831403682,-7.1301763807611795,-0.14534881468810343,-5.183784055562998,-0.5644292971206644,2.880927341763949,-0.5780703404613337,3.584622011742821,2.881793746872116,-3.0704025893828435,-1.5628869167401391,-2.258557063080789,-3.7374238328212974,1.2330183908801127,2.1840168790778915,5.066189509084112,1.4841459214965427,0.873881508317354,3.434681171863676,7.497050452129343,0.13750290925549358,-0.5494156078357667,-1.1878502968778433,3.9881971856416727,2.3983802635321765,-4.082660528575671,1.055866056161129,-2.1554482176279244,-1.5072080173471096,1.131520680931632,5.060195956430756,-3.01495925987772,1.923702323313827,1.4694166194838598,-0.4168165360187759,0.45920078975038475,3.5109388917916573,-0.28821179492724214,0.08679505978955197,0.12419419260962404,3.380209665419751,-1.3598713472925315,2.3432520887212664,-7.469717097555128,-1.3818501068902833,1.994990729568447,0.36383186750585716,2.1787319826582716,-0.4289725249454683,0.874641325057623,-1.4507788136507376,-5.047735599876884,-0.9511585960050958,2.5666800873494644,4.718252081568176,-0.7154566193820175,1.3987052263164714,2.8701795586965715,-0.6226404287650075,-1.7821522708322337,-2.3789332438754154,-2.164751956096441,1.39545462447281,-0.0446961186583861,-3.9726884133202844,-3.188974717002834,-2.9073593068991856,-4.326918635143577,-2.7332014702690697,0.1320077558759654,-1.8573389948114758,-3.544981211488648,2.095684627120533,1.5421911189026842,-0.13495070229460474,0.022621187987022007,-0.2816676459545033,13.767773568712038
1.3996168196976706,0.32842912156712234,0.5720741640392348,-0.4246226360159278,-0.19411114398671456,-0.3333898628276866,-1.0694565493633124,0.070859246879271,0.8186180619154427,1.9852459462660652,2.19561930697141,-0.2647289421128126,-1.7027660580876702,0.045310529923041534,-0.4126383448559078,-0.3765090218057156,0.6151610848899742,-0.2268594977293159,-0.37995053551584523,-0.39216458875079496,0.9018654388900632,0.9571114280971007,-1.4170701099581646,-0.6158951577635577,-0.8579314705221441,-2.5077811571751316,1.4705026786322721,-0.43482394539358454,-0.022004413026395567,-3.4171506852893483,-0.4526642859807775,0.17037622231547006,-1.6985437097421539,0.06299422569395069,-0.9294027060646687,1.012982622159823,1.3009220824887948,0.3096491036182729,-0.3751669759555819,-1.4858077177872957,1.7908110318269173,-2.910159060287387,-3.0257916313244055,-1.3400713863071787,-0.5905962391933601,0.9760543854551069,1.2103558738406812,3.31878509841553,0.774701245104972,5.293884844822009,1.0920779958287292,-0.006047214511029117,0.5035013250916839,0.574220943482877,1.5327074598624701,-0.31630028232249013,0.29123877752168315,-0.09927016487686788,-4.3359728802051825,-1.6065646419855524,-3.62311698833754,-0.7516081879708126,-0.0378574801237056,-1.25630137254172,-1.6423675248788694,0.4413237451224159,2.8031129407154745,2.8237693826626105,-1.4178355706982484,-0.3999009084710164,-1.5070714268503946,-2.996491882070494,-0.05487830214665057,-2.0773533373128403,0.38439842098042615,-1.4922527938435073,-1.3800308967790795,0.3925638977113055,1.3966695122027866,0.6074227830098485,-2.0731205109384425,3.25633307292699,-0.9072629666984801,-0.6285546345942541,-0.5630073566260141,-2.418787883134471,1.5387143874067855,-0.16690572552361793,-0.4074210498850844,-0.3770144158861882,0.4546523907537203,0.15052836092760624,-1.6844195546853271,0.189622008310792,2.3795318732162456,2.4953644339682888,-1.6452163119507206,-1.346987150155354,2.1519462740054895,-1.5943420723598067,5.188873611827106
1.0589557123696829,2.1298001109146254,-0.40537523499074113,-1.6569084238501095,-1.8883802670673928,-2.2399558357838907,0.2148903870231278,2.7516691445337864,-0.7734383761566056,-1.0688070782714354,0.8785984165509487,-0.31213063824207055,0.3368522105915963,2.4061280133528977,2.060932659299302,0.6160933449725501,0.4829852140229859,-0.007806476863058048,-0.3843799252045341,1.6084259531616851,0.6858705169808204,-2.9631608983809516,1.793239514771236,3.065517256458618,5.17561318593243,0.22757393197321654,1.4255469965452596,0.30810275786045527,-1.8813888615095937,4.337750143399954,-1.2567068959636012,-2.413431990531528,2.870296662173678,0.04451266951620475,1.957218406311703,1.0272589412796427,-0.21387288179788194,-1.8630908539394728,-3.584360685355697,-0.3311027029888658,-2.97428825567232,-0.18099591011657962,-2.981468598585395,0.24185558640631158,0.4428093725280333,-0.29010333644462855,-4.908547682426078,-1.5685856618696825,1.7402849565672118,-1.9031701357661084,1.563762066375027,0.6028918736338521,-1.6579338351257873,-2.041434650076332,0.937650329091156,-1.3531326562084187,-0.8449463461482392,-1.349942118993353,3.821456077036141,-1.2524151985617058,1.9855549076463628,1.055269718917647,0.28060596586130737,-0.6638706008762896,2.0862746491574513,-0.8465296534245859,2.564112555120987,-0.2923079388826864,-0.37683936727537914,0.35680667263309496,0.18751984119279558,3.3072061499181027,-0.8884775007862501,1.4414089034355975,4.280553716389475,3.9405348659817148,-0.8306353467743883,-2.4261991643244216,0.5498735622118679,-1.4438896828234389,-0.30913946160450684,-1.4583154738908566,1.965725398923881,1.78314499550252,1.7980081447841048,0.1897009230348187,-0.6786937690981233,1.9093897095953034,3.2473187652974573,3.3915003635049237,1.687100329843703,0.7263999567812409,0.07996896953653863,-0.5384628804068142,0.4713937780697589,-3.746909588572285,0.49875916865843467,1.1408200949812919,-2.047433436170359,1.772926080173838,-10.975936374662323
3.5829951546475423,2.3570301073619326,-1.786609110682292,-2.9255626525523137,1.1672892163933704,-3.77738571523769,3.485281806136884,6.826106592387079,-5.687507043667825,0.26931094039692965,-2.12965561444874,2.588219868533236,-0.6549001587111272,2.881037781569969,5.810030632014012,0.5335017891471278,2.2234569544640217,4.757863195613212,-0.11436641401102192,2.3696218416061825,1.2839510483154566,-4.255450481517587,1.1922232400387214,3.0539121195544814,4.851406323590454,-4.321323650066609,-3.7157860109318817,1.399805214413226,-3.2912373554449843,4.347095347368028,2.0273163670858003,-0.20162428776322522,3.2463578102758093,-2.659345644417801,-0.1373596464296469,1.9763630208463248,2.6459525239334662,-3.9217103990276594,-5.704722060467408,-4.267456691381326,-7.960472160538983,2.8068230143512096,-6.903197820095829,0.18060829660743516,-3.8986835828961954,-0.9472842913316193,-5.45255667299048,8.31694792410589,0.14905051381875473,7.950311258222396,0.30297984922330656,-4.5086723593102604,-0.39317970362105825,2.4073723777416447,1.4772229321475252,0.007698276209405448,-1.430268025348318,-4.860432445420925,-0.1355301654617976,0.605316621448485,-2.886568890541526,2.8697061006226585,-0.4744359235380358,2.3725659456960626,1.8625605756914174,1.5124393551315536,2.7849322368160743,-0.47812786852085826,-1.0707747413512232,-1.322549192697909,-3.590108810619734,-1.5150958869806144,-0.8212627961801785,-2.0787936588301013,6.035107206760357,5.657600044906308,0.8662031512737182,-1.8142845107112147,0.9912065758435875,0.21049679980590277,-3.5465353778535675,6.067149191390466,7.354004704679956,-1.4597599319141836,1.200356532741933,-1.5844153306240933,2.9682796777081104,-0.7055315686071644,-0.2132934030413245,1.7250794351528063,-1.6922613515953235,-0.8664329157219971,-0.5472803016414558,3.2479186983116253,-1.0115564453972552,-5.0811221855670645,5.549615774605258,3.7029185932481665,1.790374063713556,5.034379515985809,-4.031406792100444
-3.2979020135377066,-1.4345157422950117,0.2403459389353816,-0.49517061824621633,1.7030605477400798,-0.5403870685230889,0.6490101996412571,-0.7141746067133066,-0.7191661305396768,-1.299731422064609,-0.6761727077661752,-1.5098631028809057,2.0695615571470327,0.07427402038151404,-1.6262276336035861,0.03523106883239913,-3.1326386600452643,-1.2423365082672306,-0.4820547019107877,0.6440399540936971,-1.305444457870653,1.8707831803743722,0.2878702240963298,-1.262950348384068,-0.5502803832950468,1.526757113675447,-0.1259134693038473,-0.14811892425924725,1.6663964188383857,0.6331672728550799,0.23873451576671925,0.6679473323637835,0.0636718308040507,-1.6950034340864852,0.612599387692428,-3.0190569497031037,-1.0037102762309906,1.9101013680244725,1.7225095385826326,0.4568113635037538,1.0873061800129462,1.6292534953931908,5.1154436533368015,0.2781745429487741,1.8497133295730082,0.03413404055897134,2.344728648500512,-1.6757776808069504,-1.0215347134052095,-3.475878202036865,0.7303713422809348,-0.21030274482858383,-0.32738536140028107,-1.1234370752027238,-0.6544871275991191,-1.5264684556985322,0.6045617817591113,-1.3035257609802915,3.2507227340239315,1.824911209420098,2.352771953628226,-1.796256905234479,0.9424592199578252,0.94555658235955,1.2133468046647213,1.2313995108325209,-4.15251510604317,-2.745274263773063,-0.26982412725233645,1.076003441534479,3.081231682232881,3.6213582247437786,0.5499062317699485,2.819836478798654,-1.5743323710476376,0.30893874938396615,-0.11159959965232179,-0.9890178640641314,-0.14916906439842792,-1.7495124373430395,2.6183528805882252,-2.643913152200123,-1.8487037520683947,-1.0441505673668263,-0.6232235666910452,2.8577678364319983,1.2322326821151144,0.23848720173167234,-1.4052088498840156,-0.1581170919397359,-1.901248240543604,-1.6635445443532981,-0.20497859187247178,-2.5165853818027872,-2.157817970033413,-1.9248459332592414,-1.5029030769344887,-0.3189913716087554,-3.3128994450684752,-1.4420520415431,2.0510189323069805
1.3305941995518866,-0.3391347424677318,-0.12232029315558288,4.474200712143816,-1.4083582139900872,5.810822975035751,-0.8870255391773392,-3.683493696693182,0.5255099754325766,-2.0138184928569154,-1.8766597945708006,1.2300741750064637,0.5581215146797638,-2.1843967377658244,2.279572823314386,2.6180039219607427,4.106762960471503,1.6557728388091129,3.70924819500251,-5.3080129440334565,-0.824062098961905,-1.842448935641584,-0.3557685065878782,-1.8448131403043757,-1.9623502343929091,4.0598597269180505,-0.8370980755413958,0.9382981591557211,-0.32082041568861913,-1.413749380707365,0.5593882090193578,1.7625749698856203,2.4758545025679974,4.341474759279633,0.37279923326537334,1.932160621113126,-2.4839363609166067,-0.08511592420010224,2.9449503522852063,1.8364810777645069,1.2216507307744684,1.8044996835251081,0.7780881231915626,3.0921581551953485,0.2071798164772885,-0.8147888289393811,1.8430719929233852,-6.344321380011312,0.6336819585050106,-7.511084011859635,-4.846803732779197,1.0603033344460653,1.7740707936775575,-1.8937835174173336,-1.787905354092621,4.0713481654066,-1.137664884990368,6.3931875084134235,-1.823739711887459,0.8990708770041195,2.789488209495769,0.24580849869605068,-2.8273804059354846,-0.27455195433580765,-1.055381106861171,-3.1863681686269576,-0.31233852742294965,-0.863719211450314,2.246550490152962,-0.1063905778726305,-1.6475806042079446,-1.9308145026086874,0.4870800841653723,0.22556598343131373,-3.3054168075850567,-3.7881596434475933,2.8728837914324346,-0.16476566266469364,-3.4676643192278043,1.7090670288095873,0.565918206781487,-2.7426739845529413,0.4893187311587075,1.6088911151980652,0.2669368784381555,1.0164469771888618,-3.491153028907046,0.17040947241779592,-1.5581362619798762,-1.998427321587838,2.480945193361836,3.816234144535924,4.364003300973224,3.8333524418831897,-0.15965255791093366,2.5585494162597393,2.0882705295495425,-0.21087092023770104,1.504449936432712,1.7011935558530553,-5.787894502008053
-0.39433075540212237,-2.015001172538289,-0.657395927742229,1.85600443372598,1.3820661297730648,2.4702486044841883,1.8690967659960593,-1.6947238790845642,-1.0531204275046764,-0.4457860225465159,-3.3096623752359835,1.817430600419899,0.7534212783507723,-2.2843760588828,-0.05279325102280309,0.16681778685010518,0.7633773770072871,1.3981341653346369,0.7939397987662162,-1.192954807251285,-0.12673584071910343,0.42905948304180075,-0.09627398453313762,-1.3547239536424653,-3.4815444648897076,0.8903725911215224,-4.310919344653601,0.46279650190717514,0.7993574333770919,-0.05426623131410685,2.7866069583176913,2.679818626542537,-0.06830256842966187,0.5444921155754499,-1.2510425450563454,-0.7195995641890862,0.1709418357724466,0.28814361019203166,2.740839293105577,0.04464564765604412,-1.199591161663146,3.293168155110522,2.8256083947858133,1.3441074768669246,-1.2907885751085635,-1.5703549112648787,1.926739284524073,0.3626702198010119,-2.0742447372426924,-0.8891602360113204,-3.3409483642509508,-1.6837677350412195,1.329074303362725,2.4388837321026107,-1.8682250899873174,2.903525028079454,-0.020400366283511884,1.339832222400552,-0.9222938128663262,2.2188287471753676,0.01604460444353603,0.8607738768263864,-1.1994510845018969,2.2698138513251975,-0.8792237805754187,0.05249904150442408,-3.733945612379178,-1.5724030255847632,1.773025256852223,-0.24297595647213685,-0.2994522744524647,-2.168342656362686,0.5743296431087206,-1.1236830541764218,-3.20085540102295,-1.1961544214207696,3.033795039313815,2.177919571273952,-2.00240298765409,1.7002913322407442,1.0809466787543938,0.1822744362557236,1.079885077894289,-0.9276483266165598,-0.5909766081884583,0.6357193432221153,-0.6627481545582055,-1.9818151023806005,-2.7107197623120665,-2.342341591256705,-1.5980588048162985,0.1339869626662472,2.177896690279405,1.7322186507935495,-2.349075578573482,1.285252966697944,3.229173002631169,0.5789534916464372,1.273030366788914,1.6893976482299664,3.5173391273039156
0.8067285432538543,-0.4234894779944265,-1.2432951077275634,1.8952030420744492,-0.26255282520650564,1.6185471839181942,1.8749331798006637,-0.16592531100522226,-0.43664903977428476,-1.0179636296233305,-3.561372220290077,3.2504323695276565,0.4236971831508874,-2.6424519761287515,0.8301654925036441,-0.2016597624010441,1.8074336974219747,1.0887638640498751,1.0048971225362535,-0.09061183020056106,0.09615700253687717,-1.466389830208271,1.5119350085352041,1.2287967364276573,-1.8320409756598433,0.81995840933839,-4.6274264568862105,0.5648255577399884,-0.9568840551598519,3.6596159820655956,1.944411132221505,0.39089820941055875,1.230302075250205,1.4483916202136171,-0.06908515641094415,0.46014830479807817,0.7896776010514439,-1.4212631467680423,1.066675976144393,1.2198471637484807,-3.3783301898828517,3.427376339122508,0.5618490313744868,1.625705435866619,-1.3669194010265122,-1.9251653006210045,-2.1903505529211893,-0.9391839788609762,-1.161080627720236,-2.5238833760991035,-3.5563851784665887,-0.9280765201611925,0.36197289786698045,2.8881960367507733,-2.8383938253227274,3.59883097264612,-0.4949349013890242,1.6283179691401088,1.333054358975001,1.5399633855419559,1.5023072691171824,3.1131214331197334,-1.8059665863059302,2.642640489908196,-0.07082184217244629,-0.9506715666773106,-1.7801456249631753,-0.8586997947768114,3.0254157051098254,0.10974158610618773,-0.8025778758258766,-1.2145009042241415,-0.15011107660357892,-1.608050688741779,-0.7222560765485073,1.2152524598083805,3.457242421466886,3.461597873358031,-2.5031075229556556,2.328247067382978,0.5893712527861116,-1.6905457905703012,2.715680747367605,0.5239248064903175,1.1002957648705873,0.33303746338980694,-3.0022745374375464,-2.0705698636517944,0.6911368177352212,-0.2519465046838486,-0.4426707975746158,1.1664216475883757,2.9858344175457345,1.6719090603228979,-1.8865524587003657,0.27183693525109504,4.51847475372505,1.9202646624841315,1.0765453267673855,4.1877860537177956,-3.254526904169062
-1.7858259029662682,-1.7459726333151435,-1.8311850340347142,-0.51415286170785,3.4460800189361125,-1.0976046250914233,4.29154297056957,2.211255708237534,-4.113820202015444,-1.2628298596851721,-5.517185090583072,2.2980922219572593,2.2648073020044324,-0.6814086528092904,0.6360931294270897,-0.17197576384424962,-1.4283365504370256,2.509112336589802,-0.30990585660855197,1.6042455176466344,-0.7481706633380645,-0.3510180820613015,1.4419054051312186,0.15602593328036496,-1.5775315743435345,-0.7259313971123895,-6.747709068418349,0.526007781843361,0.582509739074244,4.325780780559552,3.8193200655243786,2.2536721641205526,1.5716076669937504,-3.4127946986755235,-0.5062130444193019,-2.4533010835257465,1.1912000665103446,-0.6402577793383858,0.6891557183031027,-1.1125417824535908,-5.453979576375989,6.773304714030418,4.337639303295468,1.6307913306014443,-1.7250726448992142,-2.231775668215565,-0.3362041036202004,3.7685520211868373,-3.2685044553317772,0.6413213181938502,-2.0651552226072822,-3.8270157374398592,0.4095948231905718,3.72884814756607,-2.1461935577789877,1.4739477391283442,-0.23766371651420284,-3.3763896821382184,3.6205650311786264,4.175124167361682,1.157017513210763,1.4796656303695528,-0.09239825065022012,4.898595472905988,1.3608692246145495,2.4924396778729543,-6.371843131887915,-4.37780750551045,1.456184088528698,0.5283613942797789,1.0441313769643856,1.6043039421736784,0.6402412775132229,0.28346349688441796,-0.3858740484733353,3.4254868153874987,3.104933055952771,0.99858345386363,-1.7253441030027852,0.3172912806057238,2.317948704769726,0.5785119348496559,3.6843748293109275,-2.5067682851905895,-0.6947392161412992,2.343692261687548,1.4122930022445725,-2.246497046877791,-2.921606181826901,-1.0793019551234502,-4.828604085662461,-2.4424373796396597,1.0939098444862878,0.1666505502547548,-5.228839680086484,-3.700652355013149,5.181471115761239,2.863350891152117,-1.2476115367237548,3.5700488755715236,5.266947957762202
-1.112810369498071,1.054075759260285,-0.4063499588050222,-4.802297297528844,1.2820942987750104,-6.562471693856887,1.510638803178574,5.201938747010546,-2.490597966621039,1.1974402306243415,1.5628854319785008,-1.5443921748900014,-0.006176579942516636,3.7912145326426385,-0.44006992654398047,-1.375580527228962,-3.7778554234657724,-0.42852868298583735,-3.2158347343505636,5.563297218656939,0.13763600043132493,0.37379649349796695,0.8053093486996729,2.233274037875808,4.100450976481704,-3.8494969445472207,0.5732938233061335,-0.657879063689675,-0.03654008011316817,2.7392946202358863,-0.7573660845964132,-2.1178402558882117,-0.516381955108594,-5.327603737661936,0.48735052988798766,-1.6397462545078418,2.173172622957891,-0.524857448155538,-4.611678155452771,-2.54177475970253,-2.70180490457424,-0.6640302180929071,-1.7278447273822222,-2.1131092443012234,-0.29443989019893546,0.41377542806600265,-3.013888334332958,6.460116627888351,-0.09609731217076392,6.547049087367935,5.149710501590099,-1.617273208024447,-2.001046492649173,0.7870506378794323,2.2744408900141293,-4.552649776973454,0.6695016755637703,-7.090284076587914,3.1855541462296895,-0.5283460677760455,-2.013286967834043,-0.34873075068834397,2.64193678636348,0.5708310214332278,2.2296150326929154,3.3623015204042526,0.5946101901025934,-0.11718632807696477,-2.6220880816055483,0.1810863401455301,1.1945937763557875,3.5502607540691486,-0.3985569689429759,0.7183878675933052,4.980243093528893,5.364176598605305,-3.3615542106851732,-1.9776941014832579,3.6159828447411884,-2.7693255916504054,-0.6151083440553227,2.5218464999761805,1.0080814607510296,-1.6340350914937616,-0.19569796755543722,-0.14141738833524747,4.366342765266949,0.5449958243190152,0.803831667938534,2.864409063442642,-2.2585514836469116,-3.896232365032581,-4.3125282388695405,-3.4817099330422754,-0.7694057586970913,-4.709450229965878,-1.4758023448717752,0.8526043995009082,-3.0747245268322643,-0.568224928231361,1.5411761616159612
-2.4532480780046155,-0.9240547815994277,1.3252087653181095,-0.6750986362275269,0.9609264994965411,-0.3203924779876833,-1.5969866401556352,-1.7385995391202544,1.1525789089206429,0.27732006362222245,2.2916460374181997,-2.668603662008906,0.42452817253028746,0.5219969426039017,-2.631707477783411,-0.34498605574740504,-2.7766257509928933,-1.905309297735644,-1.1656325335573376,-0.3222535461762067,-0.936356981899991,2.924801401251029,-1.3254872269594373,-1.830888310363204,-0.8002848986263646,0.715500817629793,3.159839307356437,-0.7111753037958809,1.8334669130854468,-3.3550172013044093,-1.1272743017936286,0.29679348390698435,-2.145113284390701,-1.5226521553740435,0.27066859405292454,-2.1620019313207703,-1.3723952144121325,2.7290391728830308,1.2705403296354694,0.18082833762345815,4.678280524352052,-2.156950615484682,2.777642199476753,-1.0254084649508481,1.82152082859512,1.5413127093653487,3.417091766546015,-0.7277818969542345,-0.3060189721639716,0.21666653177528472,2.3795898999986385,1.0692959952356906,-0.11437784958335431,-1.9352522004394432,0.9893670460460323,-2.6216224327210274,1.4030150930963716,-0.7077374341755418,-0.6319340039469914,-0.4166486754009435,-0.07552063452874985,-3.0511498925914275,1.4804602127202529,-1.2545898688205412,-0.211361037908935,1.3441761441161788,-1.4434201054023235,-0.061674537507342045,-1.7201195253391066,0.6266250322486532,2.3836372834028956,1.7947277433080646,0.5762420835365953,1.9383220774249084,-1.329234998093862,-1.954325099940646,-2.288595929272321,-1.447347253638012,1.3512289726418887,-1.8546489663132952,1.189211315002047,-0.7230564673966077,-3.7556811837181936,-0.7580258217314293,-1.1777761269729528,1.1176499706183323,1.8770779986277852,1.1910215669906317,-1.3151276138870829,-0.5166387641136319,-0.28454545282178834,-1.3571832727766835,-1.9756371180328054,-2.647132551085531,0.8099393569363191,0.5118074647185342,-4.174589582841668,-2.172569669002292,-1.8569030225821552,-4.442079033094944,5.629953548096067
-0.46367953045948695,-0.04783385968601976,-0.26855914963907634,-1.8570391049399955,-0.7731664745440938,-3.469153815268858,0.3773341305294533,1.803460465320749,1.7535949360921865,0.8999661788254897,0.4624702689077303,0.8715840711308458,-1.0202941581425022,-0.42350812663261994,-2.6058693885632347,-2.757117220489988,-2.0904765167952717,-2.410630843775864,-2.595937011356457,4.4240505176860925,1.1164171669000065,0.24875831220439631,1.5758808023522777,3.5463608484572338,0.161811299745401,-1.6606133122378601,-0.9772996256866114,-0.3610122610245995,-0.7561851152262967,4.17962383457712,0.027515092320726478,-2.4356985393459194,-0.6160445735446001,-1.0597024304602785,0.3616412877674091,-0.355618476144317,1.8947408767734362,-1.185321754233333,-1.8101682353898862,1.0508459327499393,-2.348329178222465,-0.5843532682931132,-0.4460548500180959,-1.176914109923893,-0.3732952291730067,-0.7253441991359146,-4.246342363610359,1.2773912838994155,-0.6775909525620859,1.1899389663554638,1.851681657935996,0.9744843501511277,-1.8541385891151836,2.707967401570281,-0.8234125296963679,-0.7391416399428096,0.7609376225274286,-2.6660529272166746,3.6959970802610367,-0.975980782681573,0.2167672526496175,2.458741215354747,1.4817126259126838,0.7603835395583287,0.24610554998012107,0.3326835338526709,-0.24354485768318512,1.330916734850916,0.860971680447516,0.39866068954744077,1.3902225537460906,1.8790542162677824,-1.22216431313723,-1.2028242065922174,1.6160652624692975,3.1720153650891763,-0.728568673917432,3.18750014732184,1.2753813100271887,0.046421295892789594,0.5816513262018526,-0.9899502709593799,0.28388731474415746,0.9992299207769778,0.8030767457464992,-0.5077159756650921,-1.3032383561204215,-1.139726530597513,4.4657412773698795,2.4312954262344424,-0.6223477727018152,-1.3586388859763145,-0.9419383445551183,-2.8456327668048673,-0.26657500671313283,-0.46843490480723265,0.1282104394315235,0.8416047346105444,-1.1695937243796344,1.1557838142105303,-0.2685906306926857
0.7697786037520309,1.0860967710783642,0.28922736091726287,0.6092408319371811,-0.17625928705736685,1.6135392605774923,-0.5007800091761305,-0.30947167165746003,-1.3625833988040208,-1.2622657472141077,0.49883234335558574,-1.0233876748617332,0.8527559167779284,1.6155487883433,2.132120258992687,1.9092917562975267,1.3067949208438645,1.003584511666121,1.3604483111378145,-2.308346488158334,-0.6785961637127569,-1.2255276611832286,-0.4952886677946761,-1.252724679902591,2.282023507840463,1.7424882261871473,2.182852555638555,0.3994718428808621,-0.25585995460313254,-1.1140278955219352,-1.0316971823634364,0.3816442147718031,1.807606783961362,0.34069097120769287,0.67188054775191,0.6295954362471842,-1.834085017997102,0.23466410619387354,-0.5233263620236123,-0.29502328180097115,0.7074079855373786,-0.4108328647488856,-0.6046907245299663,0.9252661522179064,0.7526076631753147,0.4749307004079579,0.8128916616803094,-2.061691216480933,1.049082839428008,-2.9445414359913578,-0.21922916050543084,0.19969704859247459,0.2993340725606434,-3.307373343694313,1.229896476177875,-0.38928807275498994,-0.5784478713267083,1.1735156044036499,-0.43289536523289396,-0.2584194412262089,0.9565758806744412,-1.6122077260370307,-0.4168892656981804,-1.1028201989301532,0.4564051639803639,-0.860938468907211,0.9635426218245556,-1.3078481217568831,-1.0650758953368316,-0.18374239544588897,-0.21737774116200745,0.7854620784490034,0.5866999487807465,1.9475386413626588,0.3408162099795395,-0.6434323682988264,-0.6978899815037909,-3.344515535930189,-0.21844833309869227,-1.0180944819945048,-0.21534771356950444,-0.26939277552102847,0.11417032521811094,0.18684620881689873,0.09249374194876608,0.7404899347056884,0.5861246781097053,2.002918898493262,-1.3999007412156577,-0.20548994938008106,0.968371806719546,1.1217108326799212,0.35464568452761613,0.9977985093868975,0.512281288128361,-1.079418982907218,-0.6744338895100587,-0.1881919128978727,-0.7161664906661562,-0.5207386217157466,-4.869207361227063
1.4516233104489689,0.8542426437429633,-0.9871190768803718,-2.402000331398048,0.33356966598437954,-3.9862405460287804,2.0949188687894225,4.2102860437568115,-2.063090435310995,1.2745476400910873,-1.0110656091865495,1.865060951385834,-0.9900382687621319,1.5814626059569845,1.075945022221604,-1.5292181215685712,-0.40450474054525143,1.0112199759842813,-1.3956877660690308,3.814633763501046,1.356954757558157,-1.6936540454587148,1.4488280579709734,3.0266368628770306,1.8630661492673684,-3.6330448409668654,-2.599641698290727,0.15282175206729467,-1.4951288789561934,4.136809598049835,1.4196801969824957,-1.3988717106214206,0.8827187479957664,-2.072161888951843,-0.2620136698344331,0.27245587355804174,2.6159344243962734,-2.64635588125385,-3.450369890648429,-2.066156829661003,-5.303165285593044,0.973595494006571,-3.6376168187807165,-0.8286954930092115,-2.2215830375323327,-0.47417107274268727,-4.409388817402672,6.026248227102366,-0.612560439626576,5.894963534783747,1.0985296566934837,-2.3446085122003133,-0.9206357996224812,3.2869985097961174,0.46967307930212954,-0.5263277793972182,-0.3858672809709949,-4.39448796403393,1.5662755609981558,-0.18574279753544834,-1.9089774229452166,2.466525708218349,0.6934031062855839,2.0781207220227906,0.8943202889154503,1.6199621213932593,1.3748585196942573,0.942787456384319,-0.20757432037905849,-0.42470179957635745,-1.205273018540662,-0.30097848807864597,-1.1436407152927999,-1.9743634226896827,3.75344238208631,4.815051213708907,0.1352806332329649,1.2691062376401547,1.3611684069706187,0.2821525414577861,-1.531599806281221,3.0124551499515215,3.444003309778906,-0.42751347775953513,0.6429280988614797,-1.541419088743563,1.1536697531637732,-0.9681968932950034,1.374615423064611,2.019353964363292,-1.6047702255772471,-1.4939162228387985,-1.3717415843142162,0.23326835890226036,-0.8226296719238043,-2.644994677887187,2.7025079465600337,2.212935289150361,0.5697504441494461,2.855006388677765,-0.8705105222446091
0.1850575570618518,1.2062662631629029,-0.5885282592337943,-0.2829015712666182,1.3097291617413793,1.1167398894593894,0.9214791830075258,1.5023376539231321,-5.492774247385326,-3.8917532637150303,-1.1580475523827287,-1.743251166940174,3.9150768349714755,4.482767587699214,5.859764102904798,4.826684832274665,1.6367445616604857,4.0065393501838065,2.9031982116308663,-3.029608401494175,-1.651472575293738,-2.9544670595341027,-0.08330066227919557,-2.264913216192124,5.827984862184602,2.6939601771869026,1.206747776706302,1.0118079230027401,-0.5591672919110926,0.5902461720270356,-0.8111356170450521,1.3511957730525146,4.6449030324115945,-1.4967252107017675,1.7023310163478247,-0.4579839725798581,-3.6978890175820416,0.42548392029315835,-1.501130695138888,-2.053327534413209,-1.6021892105566633,3.1278470322338623,0.33187441998875283,2.4945035383830407,1.2984262131310147,0.6094167760224681,1.2651536256956724,-2.2979071933818758,1.3941168924864702,-5.382335414104712,-0.12145291218231934,-1.9168613895084488,0.30803456986656386,-6.100331195480096,1.7489353554805491,-1.3323284086190152,-1.768944221598514,-0.44850443649685007,2.1662241827483535,2.0280404329183193,3.310126111136776,-2.5749184394781177,-0.1021840626676721,0.06634033019584887,2.881243653229292,-0.07656109534198334,-0.6437943599832915,-5.1810034688791715,-2.4294446739523403,0.27435164828578296,0.1968603102697446,3.658701986181255,1.1743382725407783,5.35821960606929,1.709579163936264,0.40411652160748573,-0.19476481708210794,-8.594573156736661,-1.2292895942692075,-3.135709966191704,1.028679870390411,-0.6713324586327241,2.58946495964068,-0.7140040278692276,0.0829736235003867,3.5110887236387054,3.3315621759153875,3.3447402172314904,-4.475623663934813,-0.21970155737587427,-0.2497375095668623,0.4370088230455058,0.8985805326611245,1.977978180495314,-1.6966355941808697,-6.059468496642231,0.4820104832236942,0.9424507943562039,-3.1948161855796977,0.5992941803813746,-11.494019169630272
-1.0685175851089606,-2.5484669056054896,-0.9652121492543745,1.2427661660805267,3.532567600324878,2.559652865087808,2.5916728586565343,-0.840696246023577,-4.041084032827162,-1.130557402303832,-4.1913206977143185,1.294714546342213,1.941552833463466,-1.32385757873475,1.3390648015296756,1.316993215958573,0.402808076978652,3.2410925215058506,1.4631234820556274,-2.3491024566024876,-0.99318708670141,0.46916778244443574,-0.9532736242639475,-3.1983188901082746,-3.0968750867464347,0.042839200058252265,-4.590448352591215,0.7406029926831962,1.4411006975080671,-1.2546496031683354,3.1114241268626555,4.153355863363342,0.20764793268033613,-1.4995262363871589,-1.4896051694444372,-1.5967376092748098,-0.1313437457223707,1.1736533913888325,3.0540337224115572,-1.5030570164020751,-1.4614879988696658,5.031273912303708,3.749959244531088,1.7645705127587163,-1.1729854788059741,-1.2817603373885362,4.056590838420118,2.8644784273842645,-2.4905559749152544,1.3902652691065174,-3.246665699400227,-3.7241423567077527,2.1146632068799436,1.9229446261569576,-0.7171323825203466,2.1556765887645124,-0.29902784827058476,-0.0846081885727031,-1.715974769266599,3.681558321774002,-1.039305122981899,-0.4412118477705176,-1.135628832587871,3.2495108710389164,-0.2970044427106629,2.1419905951905625,-4.966848056813286,-3.0645199916794,0.18552830560087172,-0.2033338996769329,-0.21587191498647795,-1.9914389999705486,1.4239659944392522,-0.08249136161346832,-2.9840891410060455,-1.2770524395600573,2.752257557646663,-0.1706864055265711,-1.5637090095010688,0.6328325888183696,1.236934815144812,2.322234939173692,2.027526561830333,-3.135053380883728,-1.4631304966637335,1.6052241632497513,2.0375688753162358,-2.232581366511533,-6.00389598862657,-3.8334095025994026,-3.2989083888402604,-1.1031567684037065,1.110561394983688,2.390561499645588,-3.626377701062402,-0.7774291798538677,3.5766821533109394,0.8353173682738181,1.087517782654596,1.2525773752412115,5.747800697053115
-0.9329892227930567,-1.1485711090756368,-0.18244398563052977,0.5807580013980083,0.5501026863549402,0.40595892127757377,0.5736617396504362,-0.9509834120089845,0.8299354427381448,0.3515389370589057,-0.651237710850375,0.574421811570239,0.03526935830417871,-1.3331043894134733,-1.5904946541470812,-1.0765041505342148,-0.6762388870815598,-0.531401327278885,-0.25775498900199145,0.25671483277433976,-0.04467672026171125,0.91851258925071,-0.208917958560877,-0.7525802886570948,-2.2363251440396708,0.003292012659899979,-1.457660376958167,-0.10048431343601286,0.6652320179309226,-0.28264701326027203,1.226033513646638,0.5681584315264286,-1.0748133990288904,-0.1435758253990855,-0.5128629914988244,-0.855435769658865,0.519099834488441,0.4678459612059292,1.786600452690603,0.6378118087261146,0.4380938285377721,0.9121169053749982,2.220440330602383,0.23512777718477615,-0.09566817589560186,-0.43996921194929667,0.5727339860124114,0.0480923402390089,-0.8940753786073293,-0.03114330825481698,-0.7223338821363176,0.19112368709644834,0.16445564233230786,1.3698629909696947,-1.0754810594101554,0.5299439549708421,0.5132730055483768,0.30275867069692763,0.23275656180471843,0.6360898699385406,0.062154392661053305,-0.07184643297815141,-0.009494656304077337,0.8258480323162956,-0.6602040622478734,0.3732866235253689,-1.9365890085989743,0.1348693572858915,0.6839154379264197,0.22174770428378882,0.4799150473810527,-0.3916236918001455,0.170693574412632,-0.5505446973707707,-1.564853897592228,-0.4566189595194113,0.6847819572730565,1.9738835776010695,-0.46414899792433684,0.6473127439297754,0.8957794885840934,-0.4779191150764622,-0.5602130438932977,-0.2978502467379834,-0.318039790608763,0.22130308316520708,-0.7614286558459404,-1.3100919657134704,-0.5878484127768784,-0.4229274314954391,-1.2215950071028367,-0.2910296566783244,0.17318208816533678,-0.36216359108416685,-1.1276386571810786,0.9953534001099804,0.6188316390612729,-0.010817949152710518,0.10514667019227994,-0.3195105789445089,4.159488195533644
1.0647457100581148,-0.37391275510153954,-2.360514619991618,1.184407371873721,3.0041025684107643,2.2355415837548502,4.202669688231049,1.708246808423842,-6.580772090203512,-2.6133349270797526,-6.251296770714918,2.8564356383532803,2.448501255105884,0.15287118611714476,5.623766106730972,3.229051608353692,3.2976403337092464,5.878880051496789,2.8758797935749874,-2.375473641922846,-0.6349355838464755,-3.180757723037109,0.30737694068774346,-1.4927745231269764,0.0865276577556717,0.44536026978694143,-6.040634192102744,1.9079159896194244,-0.6130883361915487,2.5245217941211866,3.8698553017342863,3.712533975632617,4.151169449758984,-0.5167006560913284,-0.8137658696323753,0.01278507298131774,-0.4460531672034781,-1.5019450805992474,0.3425460061228842,-2.173161996103027,-6.206149122613785,7.570913179323359,0.5849667405551717,3.183753468347522,-2.743101485386477,-2.263214308939786,0.431831352716528,2.8504132443137786,-1.7247340527073132,-0.6530508270639311,-4.911766338518905,-4.8069895515210295,2.194807367296999,1.3035827908417914,-1.1579077030242266,3.530341464970529,-2.256006173484286,-0.3357026344510497,-0.20791908579428983,4.054880715092079,0.41525104483271247,1.5454725849140358,-2.4941331322610076,4.3092569755766315,0.9457402191333732,0.6872459771755987,-3.3009841904116755,-4.720591213609365,1.0650672150030545,-0.9072009117260823,-1.9125323522593263,-1.1362223114120826,1.3197541811582418,0.1814837456758798,-0.23171599355632924,1.6075997035057688,4.436470954509254,-2.2411975377891165,-3.2039803334303345,1.2875682288213115,0.03316788342802368,2.542550708741581,6.371593624766018,-2.4798163379573106,0.21149377952873602,1.8028807215317129,1.5717296684546807,-1.4751765293791395,-5.412795469193588,-2.5659435431520485,-2.646194275649909,0.14291946269070088,3.4694357185086213,4.740295933227778,-4.376126805584226,-3.9514937493141535,7.235676866868228,3.547578979962648,1.0949282320394287,5.3908486426119575,-2.6614898569720813
-2.550761494678887,-1.2503314584405356,-0.4493788176026885,0.5029981896412188,2.532418208745964,2.0719235428872658,1.441583079558951,-1.0072949874567168,-2.8685563996936145,-2.8066534599610313,-2.391022475421555,-1.0749505127408472,3.658394681097455,0.9363436011815949,0.8304040442673959,2.5047631666258314,-1.0619061391801656,1.526956319458337,1.4344138975626735,-2.271248115358148,-2.3191595443153794,0.39696152355658165,0.06377403957730082,-3.273762103296686,0.2558397734615319,3.323037383362554,-1.209673872627106,0.6495877364422227,1.6116488511275167,0.0988118490465586,0.778799132550409,2.200559078295555,1.7149132534816858,-1.6983076269028574,0.37058166715446783,-2.7651867326778947,-2.7698586659815896,2.0387750823549844,2.43852080028506,0.25982128169948004,0.023999090373872302,4.3998336252389105,5.493698012367663,2.119546785524948,1.6140350404105017,-0.8057529965732044,2.9303628282492737,-2.5887392894083363,-1.2303947013166674,-6.0951321570229595,-1.546813145101029,-1.5245812111117722,0.9133050138840908,-2.589028902092442,-0.28472835989729484,-0.36685215434571095,-0.5215152321161984,-0.28858296215581297,2.8604164721392653,3.3499575570882048,3.4122780031157056,-2.0535327758594937,-0.23931505500139505,1.389138991164432,1.824943199737183,0.8347035004488077,-5.387557638706641,-4.952813409714059,-0.19662559317602948,0.842502488204956,2.41521001004435,3.827887585009721,1.4378455941752828,4.181591114475702,-2.0065771406990804,-0.3989569945219388,1.3879501396994882,-3.5388385381783753,-1.9252055013706053,-1.663635440892136,2.842909467275153,-2.536937469767564,-0.0344021110684386,-1.244559075943326,-0.7609120232854387,4.132650859148908,1.1986270563182262,0.8019707522223745,-4.60076365435156,-1.2828170987286729,-2.1241971800676485,-0.7167058973215326,1.3680350878597436,-0.42819440887548377,-3.4229672541573066,-3.2832085345544995,0.7625192866132995,0.08798127316511245,-3.3201026736581296,0.19824536218525252,-1.0170040327096352
0.7326583332754268,-0.812259376202981,-0.9038418621175297,3.6258377266027715,1.0636418610034342,5.483656070795605,0.9583268601908409,-2.873480355253004,-2.175865377187013,-2.181417023343554,-3.5783068886334615,1.2402689235651232,1.8132965369714165,-1.7935238319892655,3.2174231736601246,2.9801730549411807,3.2911843118533057,3.379074395195521,3.4570496059784324,-4.946991474611591,-1.1638949208151783,-1.2794524332151633,-0.6798334537802344,-3.485530564212999,-2.327875519834388,2.791722886367476,-2.701253546344661,1.426521099562499,0.25622088672785437,-1.6416660792020665,2.227708362576152,3.3996333657670244,2.0705592265749146,2.2137540250141585,-0.6890795755413879,0.46711182016231967,-1.7719064511671991,0.4200109794603772,3.4589852705134234,0.3628576053834579,-0.08739799894237851,3.9422809170046085,2.2819263766205666,2.632897647073334,-0.3153181610382175,-1.1369417593799314,3.4247151234197335,-2.6199161436508698,-0.866351170815096,-4.274602943079821,-4.667824247668402,-1.5467574219306368,2.423272158521829,-0.8261869088527741,-1.193350453599276,4.089701882634809,-0.9434991650695659,4.090822206578619,-2.308738941644626,2.6354484399788745,1.4587385239945265,-0.4726542386275482,-2.827762444896457,1.5973884272575019,-0.4440824880705491,-1.3187940739558608,-2.3902809903976987,-2.559504882269595,1.179968765653104,-0.4830106630999821,-0.9932782308219071,-2.244805506232169,1.1658281686389085,0.4003971682494744,-3.2877772398267404,-3.3864109771016326,3.500637448829203,-1.0545543401566173,-3.653283331145163,1.5646264228374687,0.5730780312437176,-0.3302570765018496,1.6456732824685796,-0.8359008499641786,-0.5559876347023611,1.3785011744562896,-0.6562336922474963,-0.6835017331953025,-4.563017791408913,-3.436537809068732,-0.29532082340650917,2.272569373399802,3.7793529092164095,4.0437648795859396,-2.166802734625148,0.6588464723602093,3.3558012358036082,0.4695623152158201,1.603338384665562,2.0706086761946763,-1.885495694288637
-0.11737767099298815,1.235830630753499,2.2185753357658986,-0.2783312497787516,-3.502487759868447,-0.7812734479597141,-4.820448218241975,-2.257417274678984,6.013020132372905,2.3447564050347443,6.04200673256504,-3.1721107763531102,-2.505455091332566,0.13386083451039543,-3.495081856668945,-1.542697202329507,-1.4532373434264112,-4.6623759416907395,-1.4803697372724363,0.5645790125114913,0.7729361160243581,2.304354583968426,-1.2510425260058058,0.4801031854009124,0.2566778289139982,0.12687355867267164,7.067517614004175,-1.238054795544386,0.5906045004731831,-4.258666793116365,-3.7689287092139407,-2.7873292111033456,-3.3189802462428983,2.4754170204204593,0.7114958082325454,0.8760749891566396,-0.528625076684598,1.9363488858117368,-0.3506463228630554,1.7146668307294806,6.894647434120234,-7.83396020998657,-1.9476095226006143,-2.3634402487004684,2.4762307078410557,2.297718108513977,0.5068116996034078,-3.591000681422847,2.667710954919011,-0.1181951825853748,3.702157310439166,4.705731298582402,-0.9403621334137381,-2.870388849934735,1.6496735433813352,-2.978099194059292,1.3268437783522933,1.915908623373652,-1.7401354317523148,-4.298593038832019,-0.9952033278792205,-1.972580118517655,1.7660466630458325,-5.088538513003843,-1.1047180672258707,-1.494401595858508,4.726921702255035,4.711530210873368,-1.381115306252074,0.6111415947488253,0.5884945225802325,-0.0528143521989273,-0.7098440473507867,0.20193987420430937,-0.11517156781474785,-3.2302211311203677,-4.191562754252069,0.519625640038268,2.2947425126384537,-0.9221438711353109,-0.8481852994015436,-1.5125349595557982,-5.825697321010575,2.475492803424514,-0.051396681328037166,-2.3832395001122437,-1.105619432234071,2.2678245239416825,3.878378492257883,1.6177523310519075,3.8803915880135484,0.9097748121078979,-2.4584117230464986,-2.8894109154666934,4.96102588349495,3.9176109607662877,-7.004988857836052,-3.521668185833017,0.12925586318594212,-5.525023992101643,1.391304641836957
-1.111416162044953,-1.9968963658945649,0.6111419741924563,-0.1837084838050195,1.147681014197353,0.04497327765618986,-0.5881645335095439,-1.5853664360648352,1.9256496485188848,2.127676117373006,1.0838538016631662,-0.06560381182112092,-1.3048882840836533,-1.920153667629394,-3.6247859449817024,-2.0394982710654954,-1.8867122028447492,-1.7147498051413426,-1.638174628428535,0.8542217189823363,0.31234761219446067,3.1518589094712963,-1.334381857073406,-1.113433654305188,-4.307860053422607,-2.07677805053903,-0.20148126939314198,-0.8777176264431616,1.687911655223827,-3.1385423412694333,0.45660828701586187,1.1952849877731009,-3.7557049865266925,-0.5498247720810534,-1.665509712671776,-0.9153700135954023,1.564679296781414,1.4428916608391311,2.040819381282826,0.04905251637446194,2.880275841717739,-1.8440011401038334,1.5964866197083416,-1.8132666499286414,-0.4130494251489999,0.4104690363447587,3.031606608133063,3.1832464173894195,-1.2777066408559838,4.80317450907995,0.7176041986645725,0.11484962454776629,0.246610188704104,2.938478710022273,-0.1363920101170503,-0.350813295120705,1.2147094338266178,-0.2857034003430076,-3.065287012449653,-0.4650471791161751,-2.8207694075404466,-0.9455845756269182,0.6281958300267664,-0.17242784682145168,-2.0708216058049156,1.5179078681780191,-1.1520384508469361,2.1417266600246094,-0.05295843686335397,0.005430484986763948,0.5076830703448968,-2.786306585312637,0.14415829407215056,-2.2613363652703264,-2.208851726413596,-1.8221975695706754,-0.4958973808776328,3.4770946497829636,1.4758974298412504,0.971719442892451,-0.3217819479010232,1.969503083524598,-2.644137710888662,-1.188706360577019,-1.731505124199472,-1.451837481623383,0.7054925353327826,-1.7488308219711863,-0.55947154026917,-1.597801469820916,-0.8914151437538754,-1.5161400827935831,-1.739385798292763,-1.7178201711472094,0.443864523464779,3.701418702853505,-1.5811614188903222,-1.537536437923092,1.7277509776028952,-2.7618148554892272,10.774635193051843
-0.5977295158056373,-1.3921017707564127,0.7175508969415536,2.2295198451191087,0.5295579489065803,2.963084984313042,-1.0646454564022205,-3.1698796427206357,1.899788491589652,0.46119767259159083,-0.4027242501000074,0.13671619730557064,-0.4572941172771558,-2.6165807652791306,-1.766563193694221,-0.22419788260172924,0.5935558697377783,-0.6374595946855852,0.6273846959487799,-2.1484395750170857,0.045258284573089946,2.2129356227698667,-1.3131619209971637,-2.4755931052728304,-4.427044584022254,1.0299026224955057,-0.36910454417618577,0.08122654455341616,1.0963136233268072,-3.7056201530752464,0.7408256253560284,1.7092267850624308,-1.9156069647300737,1.929646837077541,-0.9006731665636394,-0.3876411914437037,-0.5660405287460085,1.3915259299625766,3.413253456334219,0.9430150580134697,3.192575014939697,-0.3052387815365122,2.2724379415855323,0.1992796049392012,0.005515597544599182,0.15262728710251733,4.2302287603111415,-1.3905861322168447,-0.4984657223099941,-0.6040307770574612,-2.0167208556267844,0.7140544182967475,1.480644859340353,1.1335666233845905,-0.8482857955146127,1.9150248479147827,0.42553250891074035,3.3112864840398455,-3.4458467765915524,0.3704292579100929,-0.2966042354074165,-1.2169162739800097,-0.9036452736687949,-0.19856903686740476,-2.0446733661566183,-0.4915074279351416,-1.3391463229415725,0.6919850980439886,0.9184775761453504,-0.19590352970029376,0.1183168978206908,-2.9110042230278346,0.7604184267038578,-1.3168132013808134,-3.8016186664465588,-3.8427552179852693,1.035768103298226,2.033401167322437,-1.2192164747130265,1.7536736416164385,0.2078925723643428,0.0005100441853053417,-2.2603265063609785,-0.1258412006290277,-1.1358484105954725,-0.4753385143654121,-1.1313496874713933,-1.3292869535418534,-1.701271454352536,-2.439442009391947,-0.05984469737720209,0.737080290509935,0.7485461851966198,0.8657549084891554,0.49869181103291715,3.97609196167384,-0.4672888270500347,-1.1873382030250437,1.929702433987228,-1.6212294462547125,5.096169889933943
-2.01094854026922,0.573559714151119,-0.4870739953043181,-1.823394461685625,-2.144776583175657,-4.047102705987836,0.5164906331320875,2.024515105221958,2.46225268806348,-1.2126979700426617,0.5334437806248236,-0.5667719717219951,1.091019781529868,0.5331436932685331,-3.0947376247303646,-2.3337236339015885,-3.6482875500550715,-3.6278215328462076,-2.4165281783100068,5.093283854572547,-0.04575177415194789,-0.4382585243295637,3.7403306061455246,5.079642405052199,3.08362361353853,1.4525707493133904,-0.11520341613601444,-0.6258647568764861,-1.0868019727142049,7.7793782343507925,-1.1069551353017943,-4.709445826799632,1.0839978511729962,-1.1535654466258694,2.4155663598033064,-1.4107317658349128,-0.13763121544217036,-1.4372341697783955,-2.7107485141942447,2.8197395393224656,-2.9332559709815773,0.7071802606815041,1.9345115010100031,0.07509040582451906,2.0553885214328447,-1.0676402304922337,-6.877717360143722,-4.4229100718772445,0.2900762253997025,-6.361022656956176,2.6248160513655243,2.5039202792211963,-3.0714694218632563,-0.2485499429204376,-1.7444854422578502,-2.1090643281545094,0.5713081834853974,-2.7993215028780405,9.502692079550878,-0.1570767266923459,5.209669177931572,2.262820141519829,1.7489462998056247,0.635262185883692,2.8469250510679176,-0.588142539804864,-1.6340238989514895,-0.7415781813431608,1.789245738734337,1.6506714314343878,3.467935319276416,7.234493389550605,-1.7230843441715529,2.2409985823675713,2.8064326649063704,5.232588617754699,-0.6842981931429003,1.3318797684989805,0.8004106535799481,-1.566556860858224,3.2484436049424863,-6.40421252365959,-0.47207321573474226,2.714053492405292,2.077539593614534,2.0540924938583367,-3.7503785454764813,1.462251097201043,6.896921444173193,4.751952633242045,0.003181179217432495,-0.7325699296018868,-0.002885473385603979,-4.520065906062633,-1.3223293893914612,-3.2773731601595415,-0.903046474264874,1.3568855187140603,-5.550168132558394,1.841807630980828,-9.357037862493833
0.500074750090557,-0.9263065355933233,1.039035024288786,3.847799405744342,-0.26271503044376315,5.6850792107491905,-2.243089738569604,-4.992106432335725,1.5796918176812993,0.2561649785353343,0.3732864608590752,-0.3650528084878635,-0.6285786794498133,-2.414427593031971,0.3365443083973962,1.6893002996673805,2.853227781607812,0.6582136420762409,2.9198415178339587,-5.578718839615903,-0.5547064163412591,1.4723827457486385,-2.860600854477401,-4.646445346233245,-4.442911222070465,2.3801036993354865,1.7350752277761887,0.09095845105109288,1.5004764746790242,-6.903716790311317,-0.06959786957283431,2.852849296606996,-1.9043947290058258,3.6328273593627873,-1.3674943261354724,1.078650541205949,-1.650508191691341,2.430523398741784,4.809745334938125,0.9783729173953906,5.9370605740264795,-1.423266872478083,1.4143545807965623,0.7500305703179222,0.26416292149675513,1.2343826440352395,6.45892553591537,-2.7294325368438552,0.34541762794870146,-1.6547454418856697,-3.3915787451724535,0.9721015312819312,2.5918933758435934,-1.587542346759555,0.25679263795057566,2.2404259797551536,0.07242870975150305,6.061267774715682,-6.258766766333405,0.006034375132884351,-1.1996083657461776,-2.624760128095392,-1.639805105373533,-1.6455998624598671,-2.74639578100515,-1.8405511064720224,0.22737791495652165,0.9398776969791961,0.11877039981959453,-0.8291065732780538,-1.3912012105401579,-4.966397207867302,1.5377556253531144,-0.7711291986413439,-5.0546052715526875,-6.756737562398063,0.8334867712119679,0.19344569852992277,-1.7432512941856413,1.5032087727641283,-0.7298636577081192,0.6869438901567569,-2.349144743603228,-0.22178025496394987,-1.2697503627647158,-0.7337056739107343,-0.8660812850019233,-0.16547292388181306,-3.6624416118447143,-3.8700268847352057,1.4373374281069407,2.4496430125511846,1.62426777567912,2.7540044863264086,1.5563167748486388,5.226906547143686,-1.3031393245681857,-2.3968915382826577,3.113694880563955,-2.6389286652124446,3.7137645339018253
1.3030977547160356,-0.12690580763267456,-0.43523729076502066,-1.0424469657771582,1.5325760820857173,-0.8008367313159647,1.574636274027697,2.059632181664887,-2.7858532673562015,1.1894426390537904,-0.8024086818327439,0.2889660465463559,-0.5971820111646677,0.9066170270276156,1.949484694186249,0.05985627566703011,0.7552289396863121,2.4172950724636557,0.0002104407615299668,0.056576239800534445,0.6556782792507543,-0.34799362708274517,-0.6203009743691497,-0.8027494821531327,0.11155831149032182,-2.8192587293337716,-1.5290395427414394,0.1057693962990334,-0.6032598335510087,-0.8454790719195766,1.2442798449571502,1.528636715416501,-0.061188500356704784,-1.6255210631743338,-1.1849644591851856,0.35707793706907687,1.7677350712008737,-0.5643611451042467,-0.8611095237425546,-2.9923609871841537,-2.024799253670275,0.7370697346292185,-2.3404745946655368,-0.32557921950381236,-1.752090863370538,0.31321123434952225,0.7621032183813162,5.785924279906626,-0.9053572615262877,6.677471038407525,-0.1556620315147554,-2.3543188293916675,0.8606303663717716,1.8093756708865396,1.341753565743704,-0.016264104659882345,-0.3821604476260972,-1.8501548423693235,-2.5491734865990323,0.4314778038511635,-3.491637475390521,0.18853802746802348,-0.45240698662654244,1.1445557268254791,-0.2415054763617701,1.611136823818439,0.9655489936862934,0.1520592509449585,-1.509434319379496,-0.7286716891716563,-1.9467599146355223,-2.403621586003219,-0.0041095309159779325,-1.797375374210864,1.160858102968268,0.6237732008473161,0.106899439923688,-0.5920492730599788,1.0019798544117808,0.4720786093883446,-1.9308756581066475,4.728877000148682,2.200004015557532,-2.061187122824847,-0.6294572267281396,-1.2299296240413649,3.108419340138294,-0.9959173784319029,-2.4335656343144687,-1.2200570801918778,-1.3445934831182393,-1.1816756266041644,-1.3872363658840787,1.7075511395070855,-0.31787692246599253,-0.5224788647318435,1.697833954026523,0.6806282728080597,1.8961650586365693,0.5913508446008217,4.5851934821923335
1.0709204117116982,-0.7302887450325873,0.09981307529141853,1.4273597277748715,-1.20871991008837,0.7516167048655478,-0.24445453883361373,-1.2909643120280203,2.5271418548955835,1.6128108617641272,-0.8134592918101518,2.4685353944383603,-1.9831132981050936,-3.1208696467830896,-1.950839653265297,-1.6753750937496785,0.7631561020839369,-0.8505764228116625,-0.4543039589991792,0.570627215583849,1.0599781673403386,0.5824786350449311,0.08089586043899877,1.2685311752216646,-3.8552489677633597,-0.7467871643455559,-2.2739776722415512,-0.05351795352055125,-0.28546234226289363,0.22576173180709574,1.2199340767953182,0.02258176346789482,-1.5602309066893945,2.045524361909396,-1.0263464631205865,1.199652688967272,1.950819045144712,-0.7935436624882415,1.2702766942176575,1.577880762250816,-0.2716391068746455,-0.2637090064268102,-0.7526436766306748,-0.18937472378536066,-1.4807958428487027,-0.8485665248447491,-0.7773464060276357,0.8689318536533268,-0.838052716182519,1.8127101996041484,-1.9412764635647841,0.7316473273445634,0.41728104702731555,3.7944025204679717,-1.653293734600939,2.494038900990759,0.4122767658097737,1.9381909891416653,-1.767187123225114,-0.2624885518329045,-1.529247000811438,2.445040598716505,-0.767255565501527,0.590219979907717,-2.113316274157681,-0.8562187224221673,0.39879690697714865,2.30509000316094,2.2759083934530326,-0.6690124621611746,-1.1616866112984423,-3.5561473576244715,-0.2888744185770877,-3.7032542057685935,-1.5931111426726443,-0.9594783147471542,1.631163569037411,5.240825837895437,-0.426610513013959,2.7776081794960663,-0.4743343528774091,0.7322937068448825,0.047063074248310965,0.9573443479837914,0.09827805187121574,-1.9962622540431303,-2.9543636240161173,-2.175638477302381,1.6504000186871406,-0.7043593597795517,0.17820629747994718,1.0201545274038548,1.2159904659837748,0.8821178315305682,0.7304223413756985,3.8679475409480553,1.7593910165594817,0.3351530095477724,2.9928705501368422,1.1731082392427115,3.210941463645147
-1.1339002361323993,-0.5973298461925663,-0.5312590646823538,-0.36056808370545457,1.5480231221823442,-0.34179054544400805,1.4525238790286097,0.7461098052975521,-1.743420157924431,-0.9693947817511863,-1.622484119314758,0.02825832022747901,1.6157284647384962,0.6671309332158817,0.49737984907709254,0.23378985788921347,-1.3746011568655077,1.0618774755905473,0.061936184084779744,0.3743670166876601,-0.5793241014513896,0.34602739156080287,0.594569033040685,-0.3954900142204247,0.1596137069421708,0.2641680943961714,-1.9427990694931372,0.2704088982854176,0.6385201755797154,1.4895680008726129,1.0100215919660247,0.7983856703272253,0.7090825135470775,-1.7525712304733132,0.03812490881924605,-1.6177626096679236,-0.13956658304676878,0.14260174401026157,0.3083862885871039,-0.7117014281968319,-1.33182639376588,2.5121229550404887,2.174945294758283,0.537405074551955,0.02689877162400846,-0.5893823800016649,0.4444493559147665,0.954709228436363,-1.0164193251973739,-0.8086416639231319,-0.32925948140457406,-1.4492479401221434,0.04672472864328731,0.3979290100804301,-0.37157929255839445,-0.20519930247089235,-0.21076657695831263,-1.880376105008092,1.7656467260202535,2.0581222334590668,1.081630979101783,-0.02345246197742734,0.13700910139435332,1.1318854821750763,0.8641825845298298,1.167436130746625,-2.6257634968113326,-2.278213909586506,-0.12994739124878388,0.4504888461422768,1.0333917972248592,1.8633843707645845,0.44903339667739905,1.3346217485271212,-0.2758099932644662,1.0851371330548791,0.9745478126350846,-0.8819579210141739,-0.2676194604991541,-0.8155009880620493,1.0605237925679583,-0.23400851590571095,0.952057640950749,-1.0562616978737291,-0.33105268541946187,1.4150938950077019,1.2040627188074438,0.006497546467465698,-1.836311357100793,-0.4754084888866189,-1.5453191926504317,-1.1955963482635328,0.42069798552197046,-0.47555976537870076,-2.1393794065338096,-2.2152024769575167,1.0545056797455947,0.9622160985558427,-1.3722581440351274,0.856907019972481,0.11076875594519059
2.945782732339916,1.3480034119655302,-0.8027169207377144,-1.6223343921094961,0.7720173070566391,-1.593663219325907,1.4516025713764404,3.4549027396485585,-2.798171808243759,1.1949286960340915,-0.5624952081455452,1.6720762631088557,-1.3343978558280805,1.4407857360792204,3.442916471088191,0.09391473041188783,2.256743104594929,2.779943492473894,0.10713824641775577,0.658734202729057,1.0978155008640693,-2.2576030299127687,-0.06313019202212869,1.0948911247024964,2.064016610712458,-3.250121213479673,-1.5577051178212422,0.6713366615008521,-1.6052139104572691,0.5923316667085902,0.9773042170763246,0.2843623477643356,1.006362475611835,-1.230288661595048,-0.8182114730611068,1.8521113327678242,1.867358756578173,-2.0207214573612395,-2.9497892310798726,-3.23150600708682,-3.683318572711754,0.40665210699539345,-5.554827407899967,-0.503627018878305,-2.7744524721078174,0.22496029645925789,-2.1732558122131214,6.522122173870094,0.23891385847551383,7.581110138836836,0.05690517124936388,-2.4624234839935304,0.40561107188556766,1.9816383682638115,1.5818380948957607,0.09462842952446662,-1.3405106951832835,-2.1048942836584463,-2.632437631145485,-0.29778992865726367,-3.5647131588364176,1.5194719901984497,-0.33768907335836246,0.4928312812786175,0.027857835998734648,0.873518681639334,3.403299131610875,1.0749054052519071,-1.213047803670951,-1.2916655931482777,-3.287770419806574,-3.0861406999838983,-0.5823768079909444,-2.778000663885109,3.0562195506473433,1.996058598752189,0.09321713025094056,-0.6397875163611534,1.0374797940651208,0.6778062158707142,-3.4144558521602977,5.2946004832431575,3.925404816746475,-1.1973925288770655,0.06363079460844046,-2.095293747493665,2.2732924733040396,-0.640313622891773,-0.6279332075523997,0.25494441848081345,-0.3556916020337821,-0.5604227056156897,-1.001805917148079,2.6827074787701983,0.4070875570540393,-1.0633074350294156,2.9432738625231583,1.6088690911357357,2.588223530345446,1.9176720218024867,-1.3774897347032495
1.4653589781158374,0.012396661471123095,-0.08693469408182411,2.5977215235255064,-1.865066445535713,3.2239374364841002,-0.777050869363329,-2.413640017976467,2.4879395613105686,0.22851284989600396,-0.4774462130588031,1.6807552361728635,-1.2274784508232037,-2.48753773668266,-0.024288873106653324,-0.04905031624234529,2.51069558869813,-0.20514436832310118,1.3461818679547786,-2.0861019104291674,0.3929270102198425,-0.46385246318831297,0.0979798835756584,-0.1662643790477463,-2.1928716349257367,1.196398302639875,-0.6081517902391882,0.5119428867652978,-0.3656839743320912,-0.46842433981119486,0.31284522824596667,-0.05029047561694858,-0.2849205771280578,3.753299682637706,-0.11369516927864351,1.8639571726812625,-0.037484641089409965,-0.8766329306616744,1.4096024502986313,1.8465075105045583,0.8112909527772929,-0.543091565461542,-0.5756734251596514,0.5215254514671934,-0.3976853210330016,-0.7558654412128163,-0.1794471785079349,-2.8899287460003427,0.6211752857313427,-2.3312329858768694,-2.81554873857862,1.2984472634761348,0.5668329901330481,0.9593013676420873,-1.4722843450997527,3.0764165235552614,-0.34344532326973426,4.097243833649275,-1.909078186910747,-0.5242407312580082,0.6009827560142826,1.5346099627074956,-1.5016947530342784,-0.5463521359267681,-1.6755717240995092,-2.2329626111733267,1.3893794826486432,1.6233854021292842,1.9688279063863776,-0.42223351760109057,-1.7461562929484535,-2.8050575637989903,-0.13005188175894314,-2.2046972130349873,-1.9983018938498704,-2.3139922817505427,1.6097486718588678,2.7826319542260705,-1.4623824904150078,2.24043831558245,-0.2728344928338914,-1.1497949808190984,-0.2875939144437191,1.8752107471128658,0.8134727380105752,-1.2682526343827287,-3.350661279962515,-0.8176237374027009,1.424806023512465,-0.8717786475076332,1.5432866917863068,2.4400975540154315,2.6725546921794705,2.460429177812318,1.1885817199165158,3.421727874041962,1.2398525684192314,-0.16006610676757976,2.6711305834966637,0.8218824318260982,-0.6768530841478027
